INSERT INTO FIDE_ESTADOS_TB (Estado_ID, Descripcion, creado_por, modificado_por, fecha_creacion, fecha_modificacion, accion)
VALUES (1, 'Activo', NULL, NULL, NULL, NULL, NULL);

INSERT INTO FIDE_ESTADOS_TB (Estado_ID, Descripcion, creado_por, modificado_por, fecha_creacion, fecha_modificacion, accion)
VALUES (2, 'Inactivo', NULL, NULL, NULL, NULL, NULL);
/


INSERT INTO FIDE_GENEROS_TB (Genero_ID, Nombre, creado_por, modificado_por, fecha_creacion, fecha_modificacion, accion)
VALUES (1, 'Masculino', NULL, NULL, NULL, NULL, NULL);

INSERT INTO FIDE_GENEROS_TB (Genero_ID, Nombre, creado_por, modificado_por, fecha_creacion, fecha_modificacion, accion)
VALUES (2, 'Femenino', NULL, NULL, NULL, NULL, NULL);

INSERT INTO FIDE_GENEROS_TB (Genero_ID, Nombre, creado_por, modificado_por, fecha_creacion, fecha_modificacion, accion)
VALUES (3, 'Otro', NULL, NULL, NULL, NULL, NULL);
/


INSERT INTO FIDE_PROVINCIAS_TB (Provincia_ID, Nombre, creado_por, modificado_por, fecha_creacion, fecha_modificacion, accion)
VALUES (1, 'San José', NULL, NULL, NULL, NULL, NULL);

INSERT INTO FIDE_PROVINCIAS_TB (Provincia_ID, Nombre, creado_por, modificado_por, fecha_creacion, fecha_modificacion, accion)
VALUES (2, 'Alajuela', NULL, NULL, NULL, NULL, NULL);

INSERT INTO FIDE_PROVINCIAS_TB (Provincia_ID, Nombre, creado_por, modificado_por, fecha_creacion, fecha_modificacion, accion)
VALUES (3, 'Cartago', NULL, NULL, NULL, NULL, NULL);

INSERT INTO FIDE_PROVINCIAS_TB (Provincia_ID, Nombre, creado_por, modificado_por, fecha_creacion, fecha_modificacion, accion)
VALUES (4, 'Heredia', NULL, NULL, NULL, NULL, NULL);

INSERT INTO FIDE_PROVINCIAS_TB (Provincia_ID, Nombre, creado_por, modificado_por, fecha_creacion, fecha_modificacion, accion)
VALUES (5, 'Guanacaste', NULL, NULL, NULL, NULL, NULL);

INSERT INTO FIDE_PROVINCIAS_TB (Provincia_ID, Nombre, creado_por, modificado_por, fecha_creacion, fecha_modificacion, accion)
VALUES (6, 'Puntarenas', NULL, NULL, NULL, NULL, NULL);

INSERT INTO FIDE_PROVINCIAS_TB (Provincia_ID, Nombre, creado_por, modificado_por, fecha_creacion, fecha_modificacion, accion)
VALUES (7, 'Limón', NULL, NULL, NULL, NULL, NULL);
/


-- Provincia: San José (Provincia_ID: 1)
INSERT INTO FIDE_CANTONES_TB (Canton_ID, Nombre, creado_por, modificado_por, fecha_creacion, fecha_modificacion, accion)
VALUES (1, 'San José', NULL, NULL, NULL, NULL, NULL);

INSERT INTO FIDE_CANTONES_TB (Canton_ID, Nombre, creado_por, modificado_por, fecha_creacion, fecha_modificacion, accion)
VALUES (2, 'Escazú', NULL, NULL, NULL, NULL, NULL);

INSERT INTO FIDE_CANTONES_TB (Canton_ID, Nombre, creado_por, modificado_por, fecha_creacion, fecha_modificacion, accion)
VALUES (3, 'Desamparados', NULL, NULL, NULL, NULL, NULL);

INSERT INTO FIDE_CANTONES_TB (Canton_ID, Nombre, creado_por, modificado_por, fecha_creacion, fecha_modificacion, accion)
VALUES (4, 'Puriscal', NULL, NULL, NULL, NULL, NULL);

INSERT INTO FIDE_CANTONES_TB (Canton_ID, Nombre, creado_por, modificado_por, fecha_creacion, fecha_modificacion, accion)
VALUES (5, 'Tarrazú', NULL, NULL, NULL, NULL, NULL);

INSERT INTO FIDE_CANTONES_TB (Canton_ID, Nombre, creado_por, modificado_por, fecha_creacion, fecha_modificacion, accion)
VALUES (6, 'Aserrí', NULL, NULL, NULL, NULL, NULL);

INSERT INTO FIDE_CANTONES_TB (Canton_ID, Nombre, creado_por, modificado_por, fecha_creacion, fecha_modificacion, accion)
VALUES (7, 'Mora', NULL, NULL, NULL, NULL, NULL);

INSERT INTO FIDE_CANTONES_TB (Canton_ID, Nombre, creado_por, modificado_por, fecha_creacion, fecha_modificacion, accion)
VALUES (8, 'Goicoechea', NULL, NULL, NULL, NULL, NULL);

INSERT INTO FIDE_CANTONES_TB (Canton_ID, Nombre, creado_por, modificado_por, fecha_creacion, fecha_modificacion, accion)
VALUES (9, 'Santa Ana', NULL, NULL, NULL, NULL, NULL);

INSERT INTO FIDE_CANTONES_TB (Canton_ID, Nombre, creado_por, modificado_por, fecha_creacion, fecha_modificacion, accion)
VALUES (10, 'Alajuelita', NULL, NULL, NULL, NULL, NULL);

INSERT INTO FIDE_CANTONES_TB (Canton_ID, Nombre, creado_por, modificado_por, fecha_creacion, fecha_modificacion, accion)
VALUES (11, 'Vázquez de Coronado', NULL, NULL, NULL, NULL, NULL);

INSERT INTO FIDE_CANTONES_TB (Canton_ID, Nombre, creado_por, modificado_por, fecha_creacion, fecha_modificacion, accion)
VALUES (12, 'Acosta', NULL, NULL, NULL, NULL, NULL);

INSERT INTO FIDE_CANTONES_TB (Canton_ID, Nombre, creado_por, modificado_por, fecha_creacion, fecha_modificacion, accion)
VALUES (13, 'Tibás', NULL, NULL, NULL, NULL, NULL);

INSERT INTO FIDE_CANTONES_TB (Canton_ID, Nombre, creado_por, modificado_por, fecha_creacion, fecha_modificacion, accion)
VALUES (14, 'Moravia', NULL, NULL, NULL, NULL, NULL);

INSERT INTO FIDE_CANTONES_TB (Canton_ID, Nombre, creado_por, modificado_por, fecha_creacion, fecha_modificacion, accion)
VALUES (15, 'Montes de Oca', NULL, NULL, NULL, NULL, NULL);

INSERT INTO FIDE_CANTONES_TB (Canton_ID, Nombre, creado_por, modificado_por, fecha_creacion, fecha_modificacion, accion)
VALUES (16, 'Turrubares', NULL, NULL, NULL, NULL, NULL);

INSERT INTO FIDE_CANTONES_TB (Canton_ID, Nombre, creado_por, modificado_por, fecha_creacion, fecha_modificacion, accion)
VALUES (17, 'Dota', NULL, NULL, NULL, NULL, NULL);

INSERT INTO FIDE_CANTONES_TB (Canton_ID, Nombre, creado_por, modificado_por, fecha_creacion, fecha_modificacion, accion)
VALUES (18, 'Curridabat', NULL, NULL, NULL, NULL, NULL);

INSERT INTO FIDE_CANTONES_TB (Canton_ID, Nombre, creado_por, modificado_por, fecha_creacion, fecha_modificacion, accion)
VALUES (19, 'Pérez Zeledón', NULL, NULL, NULL, NULL, NULL);

INSERT INTO FIDE_CANTONES_TB (Canton_ID, Nombre, creado_por, modificado_por, fecha_creacion, fecha_modificacion, accion)
VALUES (20, 'León Cortés', NULL, NULL, NULL, NULL, NULL);

-- Provincia: Alajuela (Provincia_ID: 2)
INSERT INTO FIDE_CANTONES_TB (Canton_ID, Nombre, creado_por, modificado_por, fecha_creacion, fecha_modificacion, accion)
VALUES (21, 'Alajuela', NULL, NULL, NULL, NULL, NULL);

INSERT INTO FIDE_CANTONES_TB (Canton_ID, Nombre, creado_por, modificado_por, fecha_creacion, fecha_modificacion, accion)
VALUES (22, 'San Ramón', NULL, NULL, NULL, NULL, NULL);

INSERT INTO FIDE_CANTONES_TB (Canton_ID, Nombre, creado_por, modificado_por, fecha_creacion, fecha_modificacion, accion)
VALUES (23, 'Grecia', NULL, NULL, NULL, NULL, NULL);

INSERT INTO FIDE_CANTONES_TB (Canton_ID, Nombre, creado_por, modificado_por, fecha_creacion, fecha_modificacion, accion)
VALUES (24, 'San Mateo', NULL, NULL, NULL, NULL, NULL);

INSERT INTO FIDE_CANTONES_TB (Canton_ID, Nombre, creado_por, modificado_por, fecha_creacion, fecha_modificacion, accion)
VALUES (25, 'Atenas', NULL, NULL, NULL, NULL, NULL);

INSERT INTO FIDE_CANTONES_TB (Canton_ID, Nombre, creado_por, modificado_por, fecha_creacion, fecha_modificacion, accion)
VALUES (26, 'Naranjo', NULL, NULL, NULL, NULL, NULL);

INSERT INTO FIDE_CANTONES_TB (Canton_ID, Nombre, creado_por, modificado_por, fecha_creacion, fecha_modificacion, accion)
VALUES (27, 'Palmares', NULL, NULL, NULL, NULL, NULL);

INSERT INTO FIDE_CANTONES_TB (Canton_ID, Nombre, creado_por, modificado_por, fecha_creacion, fecha_modificacion, accion)
VALUES (28, 'Poás', NULL, NULL, NULL, NULL, NULL);

INSERT INTO FIDE_CANTONES_TB (Canton_ID, Nombre, creado_por, modificado_por, fecha_creacion, fecha_modificacion, accion)
VALUES (29, 'Orotina', NULL, NULL, NULL, NULL, NULL);

INSERT INTO FIDE_CANTONES_TB (Canton_ID, Nombre, creado_por, modificado_por, fecha_creacion, fecha_modificacion, accion)
VALUES (30, 'San Carlos', NULL, NULL, NULL, NULL, NULL);

INSERT INTO FIDE_CANTONES_TB (Canton_ID, Nombre, creado_por, modificado_por, fecha_creacion, fecha_modificacion, accion)
VALUES (31, 'Zarcero', NULL, NULL, NULL, NULL, NULL);

INSERT INTO FIDE_CANTONES_TB (Canton_ID, Nombre, creado_por, modificado_por, fecha_creacion, fecha_modificacion, accion)
VALUES (32, 'Valverde Vega', NULL, NULL, NULL, NULL, NULL);

INSERT INTO FIDE_CANTONES_TB (Canton_ID, Nombre, creado_por, modificado_por, fecha_creacion, fecha_modificacion, accion)
VALUES (33, 'Upala', NULL, NULL, NULL, NULL, NULL);

INSERT INTO FIDE_CANTONES_TB (Canton_ID, Nombre, creado_por, modificado_por, fecha_creacion, fecha_modificacion, accion)
VALUES (34, 'Los Chiles', NULL, NULL, NULL, NULL, NULL);

INSERT INTO FIDE_CANTONES_TB (Canton_ID, Nombre, creado_por, modificado_por, fecha_creacion, fecha_modificacion, accion)
VALUES (35, 'Guatuso', NULL, NULL, NULL, NULL, NULL);

-- Provincia: Cartago (Provincia_ID: 3)
INSERT INTO FIDE_CANTONES_TB (Canton_ID, Nombre, creado_por, modificado_por, fecha_creacion, fecha_modificacion, accion)
VALUES (36, 'Cartago', NULL, NULL, NULL, NULL, NULL);

INSERT INTO FIDE_CANTONES_TB (Canton_ID, Nombre, creado_por, modificado_por, fecha_creacion, fecha_modificacion, accion)
VALUES (37, 'Paraíso', NULL, NULL, NULL, NULL, NULL);

INSERT INTO FIDE_CANTONES_TB (Canton_ID, Nombre, creado_por, modificado_por, fecha_creacion, fecha_modificacion, accion)
VALUES (38, 'La Unión', NULL, NULL, NULL, NULL, NULL);

INSERT INTO FIDE_CANTONES_TB (Canton_ID, Nombre, creado_por, modificado_por, fecha_creacion, fecha_modificacion, accion)
VALUES (39, 'Jiménez', NULL, NULL, NULL, NULL, NULL);

INSERT INTO FIDE_CANTONES_TB (Canton_ID, Nombre, creado_por, modificado_por, fecha_creacion, fecha_modificacion, accion)
VALUES (40, 'Turrialba', NULL, NULL, NULL, NULL, NULL);

INSERT INTO FIDE_CANTONES_TB (Canton_ID, Nombre, creado_por, modificado_por, fecha_creacion, fecha_modificacion, accion)
VALUES (41, 'Alvarado', NULL, NULL, NULL, NULL, NULL);

INSERT INTO FIDE_CANTONES_TB (Canton_ID, Nombre, creado_por, modificado_por, fecha_creacion, fecha_modificacion, accion)
VALUES (42, 'Oreamuno', NULL, NULL, NULL, NULL, NULL);

INSERT INTO FIDE_CANTONES_TB (Canton_ID, Nombre, creado_por, modificado_por, fecha_creacion, fecha_modificacion, accion)
VALUES (43, 'El Guarco', NULL, NULL, NULL, NULL, NULL);

-- Provincia: Heredia (Provincia_ID: 4)
INSERT INTO FIDE_CANTONES_TB (Canton_ID, Nombre, creado_por, modificado_por, fecha_creacion, fecha_modificacion, accion)
VALUES (44, 'Heredia', NULL, NULL, NULL, NULL, NULL);

INSERT INTO FIDE_CANTONES_TB (Canton_ID, Nombre, creado_por, modificado_por, fecha_creacion, fecha_modificacion, accion)
VALUES (45, 'Barva', NULL, NULL, NULL, NULL, NULL);

INSERT INTO FIDE_CANTONES_TB (Canton_ID, Nombre, creado_por, modificado_por, fecha_creacion, fecha_modificacion, accion)
VALUES (46, 'Santo Domingo', NULL, NULL, NULL, NULL, NULL);

INSERT INTO FIDE_CANTONES_TB (Canton_ID, Nombre, creado_por, modificado_por, fecha_creacion, fecha_modificacion, accion)
VALUES (47, 'Santa Bárbara', NULL, NULL, NULL, NULL, NULL);

INSERT INTO FIDE_CANTONES_TB (Canton_ID, Nombre, creado_por, modificado_por, fecha_creacion, fecha_modificacion, accion)
VALUES (48, 'San Rafael', NULL, NULL, NULL, NULL, NULL);

INSERT INTO FIDE_CANTONES_TB (Canton_ID, Nombre, creado_por, modificado_por, fecha_creacion, fecha_modificacion, accion)
VALUES (49, 'San Isidro', NULL, NULL, NULL, NULL, NULL);

INSERT INTO FIDE_CANTONES_TB (Canton_ID, Nombre, creado_por, modificado_por, fecha_creacion, fecha_modificacion, accion)
VALUES (50, 'Belén', NULL, NULL, NULL, NULL, NULL);

INSERT INTO FIDE_CANTONES_TB (Canton_ID, Nombre, creado_por, modificado_por, fecha_creacion, fecha_modificacion, accion)
VALUES (51, 'Flores', NULL, NULL, NULL, NULL, NULL);

INSERT INTO FIDE_CANTONES_TB (Canton_ID, Nombre, creado_por, modificado_por, fecha_creacion, fecha_modificacion, accion)
VALUES (52, 'San Pablo', NULL, NULL, NULL, NULL, NULL);

INSERT INTO FIDE_CANTONES_TB (Canton_ID, Nombre, creado_por, modificado_por, fecha_creacion, fecha_modificacion, accion)
VALUES (53, 'Sarapiquí', NULL, NULL, NULL, NULL, NULL);

-- Provincia: Guanacaste (Provincia_ID: 5)
INSERT INTO FIDE_CANTONES_TB (Canton_ID, Nombre, creado_por, modificado_por, fecha_creacion, fecha_modificacion, accion)
VALUES (54, 'Liberia', NULL, NULL, NULL, NULL, NULL);

INSERT INTO FIDE_CANTONES_TB (Canton_ID, Nombre, creado_por, modificado_por, fecha_creacion, fecha_modificacion, accion)
VALUES (55, 'Nicoya', NULL, NULL, NULL, NULL, NULL);

INSERT INTO FIDE_CANTONES_TB (Canton_ID, Nombre, creado_por, modificado_por, fecha_creacion, fecha_modificacion, accion)
VALUES (56, 'Santa Cruz', NULL, NULL, NULL, NULL, NULL);

INSERT INTO FIDE_CANTONES_TB (Canton_ID, Nombre, creado_por, modificado_por, fecha_creacion, fecha_modificacion, accion)
VALUES (57, 'Bagaces', NULL, NULL, NULL, NULL, NULL);

INSERT INTO FIDE_CANTONES_TB (Canton_ID, Nombre, creado_por, modificado_por, fecha_creacion, fecha_modificacion, accion)
VALUES (58, 'Carrillo', NULL, NULL, NULL, NULL, NULL);

INSERT INTO FIDE_CANTONES_TB (Canton_ID, Nombre, creado_por, modificado_por, fecha_creacion, fecha_modificacion, accion)
VALUES (59, 'Cañas', NULL, NULL, NULL, NULL, NULL);

INSERT INTO FIDE_CANTONES_TB (Canton_ID, Nombre, creado_por, modificado_por, fecha_creacion, fecha_modificacion, accion)
VALUES (60, 'Abangares', NULL, NULL, NULL, NULL, NULL);

INSERT INTO FIDE_CANTONES_TB (Canton_ID, Nombre, creado_por, modificado_por, fecha_creacion, fecha_modificacion, accion)
VALUES (61, 'Tilarán', NULL, NULL, NULL, NULL, NULL);

INSERT INTO FIDE_CANTONES_TB (Canton_ID, Nombre, creado_por, modificado_por, fecha_creacion, fecha_modificacion, accion)
VALUES (62, 'Nandayure', NULL, NULL, NULL, NULL, NULL);

INSERT INTO FIDE_CANTONES_TB (Canton_ID, Nombre, creado_por, modificado_por, fecha_creacion, fecha_modificacion, accion)
VALUES (63, 'La Cruz', NULL, NULL, NULL, NULL, NULL);

INSERT INTO FIDE_CANTONES_TB (Canton_ID, Nombre, creado_por, modificado_por, fecha_creacion, fecha_modificacion, accion)
VALUES (64, 'Hojancha', NULL, NULL, NULL, NULL, NULL);

-- Provincia: Puntarenas (Provincia_ID: 6)
INSERT INTO FIDE_CANTONES_TB (Canton_ID, Nombre, creado_por, modificado_por, fecha_creacion, fecha_modificacion, accion)
VALUES (65, 'Puntarenas', NULL, NULL, NULL, NULL, NULL);

INSERT INTO FIDE_CANTONES_TB (Canton_ID, Nombre, creado_por, modificado_por, fecha_creacion, fecha_modificacion, accion)
VALUES (66, 'Esparza', NULL, NULL, NULL, NULL, NULL);

INSERT INTO FIDE_CANTONES_TB (Canton_ID, Nombre, creado_por, modificado_por, fecha_creacion, fecha_modificacion, accion)
VALUES (67, 'Buenos Aires', NULL, NULL, NULL, NULL, NULL);

INSERT INTO FIDE_CANTONES_TB (Canton_ID, Nombre, creado_por, modificado_por, fecha_creacion, fecha_modificacion, accion)
VALUES (68, 'Montes de Oro', NULL, NULL, NULL, NULL, NULL);

INSERT INTO FIDE_CANTONES_TB (Canton_ID, Nombre, creado_por, modificado_por, fecha_creacion, fecha_modificacion, accion)
VALUES (69, 'Osa', NULL, NULL, NULL, NULL, NULL);

INSERT INTO FIDE_CANTONES_TB (Canton_ID, Nombre, creado_por, modificado_por, fecha_creacion, fecha_modificacion, accion)
VALUES (70, 'Quepos', NULL, NULL, NULL, NULL, NULL);

INSERT INTO FIDE_CANTONES_TB (Canton_ID, Nombre, creado_por, modificado_por, fecha_creacion, fecha_modificacion, accion)
VALUES (71, 'Golfito', NULL, NULL, NULL, NULL, NULL);

INSERT INTO FIDE_CANTONES_TB (Canton_ID, Nombre, creado_por, modificado_por, fecha_creacion, fecha_modificacion, accion)
VALUES (72, 'Coto Brus', NULL, NULL, NULL, NULL, NULL);

INSERT INTO FIDE_CANTONES_TB (Canton_ID, Nombre, creado_por, modificado_por, fecha_creacion, fecha_modificacion, accion)
VALUES (73, 'Parrita', NULL, NULL, NULL, NULL, NULL);

INSERT INTO FIDE_CANTONES_TB (Canton_ID, Nombre, creado_por, modificado_por, fecha_creacion, fecha_modificacion, accion)
VALUES (74, 'Corredores', NULL, NULL, NULL, NULL, NULL);

INSERT INTO FIDE_CANTONES_TB (Canton_ID, Nombre, creado_por, modificado_por, fecha_creacion, fecha_modificacion, accion)
VALUES (75, 'Garabito', NULL, NULL, NULL, NULL, NULL);

-- Provincia: Limón (Provincia_ID: 7)
INSERT INTO FIDE_CANTONES_TB (Canton_ID, Nombre, creado_por, modificado_por, fecha_creacion, fecha_modificacion, accion)
VALUES (76, 'Limón', NULL, NULL, NULL, NULL, NULL);

INSERT INTO FIDE_CANTONES_TB (Canton_ID, Nombre, creado_por, modificado_por, fecha_creacion, fecha_modificacion, accion)
VALUES (77, 'Pococí', NULL, NULL, NULL, NULL, NULL);

INSERT INTO FIDE_CANTONES_TB (Canton_ID, Nombre, creado_por, modificado_por, fecha_creacion, fecha_modificacion, accion)
VALUES (78, 'Siquirres', NULL, NULL, NULL, NULL, NULL);

INSERT INTO FIDE_CANTONES_TB (Canton_ID, Nombre, creado_por, modificado_por, fecha_creacion, fecha_modificacion, accion)
VALUES (79, 'Talamanca', NULL, NULL, NULL, NULL, NULL);

INSERT INTO FIDE_CANTONES_TB (Canton_ID, Nombre, creado_por, modificado_por, fecha_creacion, fecha_modificacion, accion)
VALUES (80, 'Matina', NULL, NULL, NULL, NULL, NULL);

INSERT INTO FIDE_CANTONES_TB (Canton_ID, Nombre, creado_por, modificado_por, fecha_creacion, fecha_modificacion, accion)
VALUES (81, 'Guácimo', NULL, NULL, NULL, NULL, NULL);

INSERT INTO FIDE_CANTONES_TB (Canton_ID, Nombre, creado_por, modificado_por, fecha_creacion, fecha_modificacion, accion)
VALUES (82, 'Río Cuarto', NULL, NULL, NULL, NULL, NULL);
/


-- Provincia: San José (Provincia_ID: 1)
INSERT INTO FIDE_DISTRITOS_TB (Distrito_ID, Nombre, creado_por, modificado_por, fecha_creacion, fecha_modificacion, accion)
VALUES (1, 'Carmen', NULL, NULL, NULL, NULL, NULL); -- Cantón: San José (Canton_ID: 1)

INSERT INTO FIDE_DISTRITOS_TB (Distrito_ID, Nombre, creado_por, modificado_por, fecha_creacion, fecha_modificacion, accion)
VALUES (2, 'Escazú', NULL, NULL, NULL, NULL, NULL); -- Cantón: Escazú (Canton_ID: 2)

INSERT INTO FIDE_DISTRITOS_TB (Distrito_ID, Nombre, creado_por, modificado_por, fecha_creacion, fecha_modificacion, accion)
VALUES (3, 'Desamparados', NULL, NULL, NULL, NULL, NULL); -- Cantón: Desamparados (Canton_ID: 3)

INSERT INTO FIDE_DISTRITOS_TB (Distrito_ID, Nombre, creado_por, modificado_por, fecha_creacion, fecha_modificacion, accion)
VALUES (4, 'Santiago', NULL, NULL, NULL, NULL, NULL); -- Cantón: Puriscal (Canton_ID: 4)

INSERT INTO FIDE_DISTRITOS_TB (Distrito_ID, Nombre, creado_por, modificado_por, fecha_creacion, fecha_modificacion, accion)
VALUES (5, 'San Marcos', NULL, NULL, NULL, NULL, NULL); -- Cantón: Tarrazú (Canton_ID: 5)

INSERT INTO FIDE_DISTRITOS_TB (Distrito_ID, Nombre, creado_por, modificado_por, fecha_creacion, fecha_modificacion, accion)
VALUES (6, 'Aserrí', NULL, NULL, NULL, NULL, NULL); -- Cantón: Aserrí (Canton_ID: 6)

INSERT INTO FIDE_DISTRITOS_TB (Distrito_ID, Nombre, creado_por, modificado_por, fecha_creacion, fecha_modificacion, accion)
VALUES (7, 'Ciudad Colón', NULL, NULL, NULL, NULL, NULL); -- Cantón: Mora (Canton_ID: 7)

INSERT INTO FIDE_DISTRITOS_TB (Distrito_ID, Nombre, creado_por, modificado_por, fecha_creacion, fecha_modificacion, accion)
VALUES (8, 'Guadalupe', NULL, NULL, NULL, NULL, NULL); -- Cantón: Goicoechea (Canton_ID: 8)

INSERT INTO FIDE_DISTRITOS_TB (Distrito_ID, Nombre, creado_por, modificado_por, fecha_creacion, fecha_modificacion, accion)
VALUES (9, 'Santa Ana', NULL, NULL, NULL, NULL, NULL); -- Cantón: Santa Ana (Canton_ID: 9)

INSERT INTO FIDE_DISTRITOS_TB (Distrito_ID, Nombre, creado_por, modificado_por, fecha_creacion, fecha_modificacion, accion)
VALUES (10, 'Alajuelita', NULL, NULL, NULL, NULL, NULL); -- Cantón: Alajuelita (Canton_ID: 10)

INSERT INTO FIDE_DISTRITOS_TB (Distrito_ID, Nombre, creado_por, modificado_por, fecha_creacion, fecha_modificacion, accion)
VALUES (11, 'San Isidro', NULL, NULL, NULL, NULL, NULL); -- Cantón: Vázquez de Coronado (Canton_ID: 11)

INSERT INTO FIDE_DISTRITOS_TB (Distrito_ID, Nombre, creado_por, modificado_por, fecha_creacion, fecha_modificacion, accion)
VALUES (12, 'San Ignacio', NULL, NULL, NULL, NULL, NULL); -- Cantón: Acosta (Canton_ID: 12)

INSERT INTO FIDE_DISTRITOS_TB (Distrito_ID, Nombre, creado_por, modificado_por, fecha_creacion, fecha_modificacion, accion)
VALUES (13, 'San Juan', NULL, NULL, NULL, NULL, NULL); -- Cantón: Tibás (Canton_ID: 13)

INSERT INTO FIDE_DISTRITOS_TB (Distrito_ID, Nombre, creado_por, modificado_por, fecha_creacion, fecha_modificacion, accion)
VALUES (14, 'San Vicente', NULL, NULL, NULL, NULL, NULL); -- Cantón: Moravia (Canton_ID: 14)

INSERT INTO FIDE_DISTRITOS_TB (Distrito_ID, Nombre, creado_por, modificado_por, fecha_creacion, fecha_modificacion, accion)
VALUES (15, 'San Pedro', NULL, NULL, NULL, NULL, NULL); -- Cantón: Montes de Oca (Canton_ID: 15)

INSERT INTO FIDE_DISTRITOS_TB (Distrito_ID, Nombre, creado_por, modificado_por, fecha_creacion, fecha_modificacion, accion)
VALUES (16, 'San Pablo', NULL, NULL, NULL, NULL, NULL); -- Cantón: Turrubares (Canton_ID: 16)

INSERT INTO FIDE_DISTRITOS_TB (Distrito_ID, Nombre, creado_por, modificado_por, fecha_creacion, fecha_modificacion, accion)
VALUES (17, 'Santa María', NULL, NULL, NULL, NULL, NULL); -- Cantón: Dota (Canton_ID: 17)

INSERT INTO FIDE_DISTRITOS_TB (Distrito_ID, Nombre, creado_por, modificado_por, fecha_creacion, fecha_modificacion, accion)
VALUES (18, 'Curridabat', NULL, NULL, NULL, NULL, NULL); -- Cantón: Curridabat (Canton_ID: 18)

INSERT INTO FIDE_DISTRITOS_TB (Distrito_ID, Nombre, creado_por, modificado_por, fecha_creacion, fecha_modificacion, accion)
VALUES (19, 'San Isidro de El General', NULL, NULL, NULL, NULL, NULL); -- Cantón: Pérez Zeledón (Canton_ID: 19)

INSERT INTO FIDE_DISTRITOS_TB (Distrito_ID, Nombre, creado_por, modificado_por, fecha_creacion, fecha_modificacion, accion)
VALUES (20, 'San Pablo', NULL, NULL, NULL, NULL, NULL); -- Cantón: León Cortés (Canton_ID: 20)

-- Provincia: Alajuela (Provincia_ID: 2)
INSERT INTO FIDE_DISTRITOS_TB (Distrito_ID, Nombre, creado_por, modificado_por, fecha_creacion, fecha_modificacion, accion)
VALUES (21, 'Alajuela', NULL, NULL, NULL, NULL, NULL); -- Cantón: Alajuela (Canton_ID: 21)

INSERT INTO FIDE_DISTRITOS_TB (Distrito_ID, Nombre, creado_por, modificado_por, fecha_creacion, fecha_modificacion, accion)
VALUES (22, 'San Ramón', NULL, NULL, NULL, NULL, NULL); -- Cantón: San Ramón (Canton_ID: 22)

INSERT INTO FIDE_DISTRITOS_TB (Distrito_ID, Nombre, creado_por, modificado_por, fecha_creacion, fecha_modificacion, accion)
VALUES (23, 'Grecia', NULL, NULL, NULL, NULL, NULL); -- Cantón: Grecia (Canton_ID: 23)

INSERT INTO FIDE_DISTRITOS_TB (Distrito_ID, Nombre, creado_por, modificado_por, fecha_creacion, fecha_modificacion, accion)
VALUES (24, 'San Mateo', NULL, NULL, NULL, NULL, NULL); -- Cantón: San Mateo (Canton_ID: 24)

INSERT INTO FIDE_DISTRITOS_TB (Distrito_ID, Nombre, creado_por, modificado_por, fecha_creacion, fecha_modificacion, accion)
VALUES (25, 'Atenas', NULL, NULL, NULL, NULL, NULL); -- Cantón: Atenas (Canton_ID: 25)

INSERT INTO FIDE_DISTRITOS_TB (Distrito_ID, Nombre, creado_por, modificado_por, fecha_creacion, fecha_modificacion, accion)
VALUES (26, 'Naranjo', NULL, NULL, NULL, NULL, NULL); -- Cantón: Naranjo (Canton_ID: 26)

INSERT INTO FIDE_DISTRITOS_TB (Distrito_ID, Nombre, creado_por, modificado_por, fecha_creacion, fecha_modificacion, accion)
VALUES (27, 'Palmares', NULL, NULL, NULL, NULL, NULL); -- Cantón: Palmares (Canton_ID: 27)

INSERT INTO FIDE_DISTRITOS_TB (Distrito_ID, Nombre, creado_por, modificado_por, fecha_creacion, fecha_modificacion, accion)
VALUES (28, 'Poás', NULL, NULL, NULL, NULL, NULL); -- Cantón: Poás (Canton_ID: 28)

INSERT INTO FIDE_DISTRITOS_TB (Distrito_ID, Nombre, creado_por, modificado_por, fecha_creacion, fecha_modificacion, accion)
VALUES (29, 'Orotina', NULL, NULL, NULL, NULL, NULL); -- Cantón: Orotina (Canton_ID: 29)

INSERT INTO FIDE_DISTRITOS_TB (Distrito_ID, Nombre, creado_por, modificado_por, fecha_creacion, fecha_modificacion, accion)
VALUES (30, 'Quesada', NULL, NULL, NULL, NULL, NULL); -- Cantón: San Carlos (Canton_ID: 30)

INSERT INTO FIDE_DISTRITOS_TB (Distrito_ID, Nombre, creado_por, modificado_por, fecha_creacion, fecha_modificacion, accion)
VALUES (31, 'Zarcero', NULL, NULL, NULL, NULL, NULL); -- Cantón: Zarcero (Canton_ID: 31)

INSERT INTO FIDE_DISTRITOS_TB (Distrito_ID, Nombre, creado_por, modificado_por, fecha_creacion, fecha_modificacion, accion)
VALUES (32, 'Sarchí', NULL, NULL, NULL, NULL, NULL); -- Cantón: Valverde Vega (Canton_ID: 32)

INSERT INTO FIDE_DISTRITOS_TB (Distrito_ID, Nombre, creado_por, modificado_por, fecha_creacion, fecha_modificacion, accion)
VALUES (33, 'Upala', NULL, NULL, NULL, NULL, NULL); -- Cantón: Upala (Canton_ID: 33)

INSERT INTO FIDE_DISTRITOS_TB (Distrito_ID, Nombre, creado_por, modificado_por, fecha_creacion, fecha_modificacion, accion)
VALUES (34, 'Los Chiles', NULL, NULL, NULL, NULL, NULL); -- Cantón: Los Chiles (Canton_ID: 34)

INSERT INTO FIDE_DISTRITOS_TB (Distrito_ID, Nombre, creado_por, modificado_por, fecha_creacion, fecha_modificacion, accion)
VALUES (35, 'Guatuso', NULL, NULL, NULL, NULL, NULL); -- Cantón: Guatuso (Canton_ID: 35)

-- Provincia: Cartago (Provincia_ID: 3)
INSERT INTO FIDE_DISTRITOS_TB (Distrito_ID, Nombre, creado_por, modificado_por, fecha_creacion, fecha_modificacion, accion)
VALUES (36, 'Oriental', NULL, NULL, NULL, NULL, NULL); -- Cantón: Cartago (Canton_ID: 36)

INSERT INTO FIDE_DISTRITOS_TB (Distrito_ID, Nombre, creado_por, modificado_por, fecha_creacion, fecha_modificacion, accion)
VALUES (37, 'Paraíso', NULL, NULL, NULL, NULL, NULL); -- Cantón: Paraíso (Canton_ID: 37)

INSERT INTO FIDE_DISTRITOS_TB (Distrito_ID, Nombre, creado_por, modificado_por, fecha_creacion, fecha_modificacion, accion)
VALUES (38, 'La Unión', NULL, NULL, NULL, NULL, NULL); -- Cantón: La Unión (Canton_ID: 38)

INSERT INTO FIDE_DISTRITOS_TB (Distrito_ID, Nombre, creado_por, modificado_por, fecha_creacion, fecha_modificacion, accion)
VALUES (39, 'Jiménez', NULL, NULL, NULL, NULL, NULL); -- Cantón: Jiménez (Canton_ID: 39)

INSERT INTO FIDE_DISTRITOS_TB (Distrito_ID, Nombre, creado_por, modificado_por, fecha_creacion, fecha_modificacion, accion)
VALUES (40, 'Turrialba', NULL, NULL, NULL, NULL, NULL); -- Cantón: Turrialba (Canton_ID: 40)

INSERT INTO FIDE_DISTRITOS_TB (Distrito_ID, Nombre, creado_por, modificado_por, fecha_creacion, fecha_modificacion, accion)
VALUES (41, 'Alvarado', NULL, NULL, NULL, NULL, NULL); -- Cantón: Alvarado (Canton_ID: 41)

INSERT INTO FIDE_DISTRITOS_TB (Distrito_ID, Nombre, creado_por, modificado_por, fecha_creacion, fecha_modificacion, accion)
VALUES (42, 'Oreamuno', NULL, NULL, NULL, NULL, NULL); -- Cantón: Oreamuno (Canton_ID: 42)

INSERT INTO FIDE_DISTRITOS_TB (Distrito_ID, Nombre, creado_por, modificado_por, fecha_creacion, fecha_modificacion, accion)
VALUES (43, 'El Guarco', NULL, NULL, NULL, NULL, NULL); -- Cantón: El Guarco (Canton_ID: 43)

-- Provincia: Heredia (Provincia_ID: 4)
INSERT INTO FIDE_DISTRITOS_TB (Distrito_ID, Nombre, creado_por, modificado_por, fecha_creacion, fecha_modificacion, accion)
VALUES (44, 'Heredia', NULL, NULL, NULL, NULL, NULL); -- Cantón: Heredia (Canton_ID: 44)

INSERT INTO FIDE_DISTRITOS_TB (Distrito_ID, Nombre, creado_por, modificado_por, fecha_creacion, fecha_modificacion, accion)
VALUES (45, 'Barva', NULL, NULL, NULL, NULL, NULL); -- Cantón: Barva (Canton_ID: 45)

INSERT INTO FIDE_DISTRITOS_TB (Distrito_ID, Nombre, creado_por, modificado_por, fecha_creacion, fecha_modificacion, accion)
VALUES (46, 'Santo Domingo', NULL, NULL, NULL, NULL, NULL); -- Cantón: Santo Domingo (Canton_ID: 46)

INSERT INTO FIDE_DISTRITOS_TB (Distrito_ID, Nombre, creado_por, modificado_por, fecha_creacion, fecha_modificacion, accion)
VALUES (47, 'Santa Bárbara', NULL, NULL, NULL, NULL, NULL); -- Cantón: Santa Bárbara (Canton_ID: 47)

INSERT INTO FIDE_DISTRITOS_TB (Distrito_ID, Nombre, creado_por, modificado_por, fecha_creacion, fecha_modificacion, accion)
VALUES (48, 'San Rafael', NULL, NULL, NULL, NULL, NULL); -- Cantón: San Rafael (Canton_ID: 48)

INSERT INTO FIDE_DISTRITOS_TB (Distrito_ID, Nombre, creado_por, modificado_por, fecha_creacion, fecha_modificacion, accion)
VALUES (49, 'San Isidro', NULL, NULL, NULL, NULL, NULL); -- Cantón: San Isidro (Canton_ID: 49)

INSERT INTO FIDE_DISTRITOS_TB (Distrito_ID, Nombre, creado_por, modificado_por, fecha_creacion, fecha_modificacion, accion)
VALUES (50, 'Belén', NULL, NULL, NULL, NULL, NULL); -- Cantón: Belén (Canton_ID: 50)

INSERT INTO FIDE_DISTRITOS_TB (Distrito_ID, Nombre, creado_por, modificado_por, fecha_creacion, fecha_modificacion, accion)
VALUES (51, 'Flores', NULL, NULL, NULL, NULL, NULL); -- Cantón: Flores (Canton_ID: 51)

INSERT INTO FIDE_DISTRITOS_TB (Distrito_ID, Nombre, creado_por, modificado_por, fecha_creacion, fecha_modificacion, accion)
VALUES (52, 'San Pablo', NULL, NULL, NULL, NULL, NULL); -- Cantón: San Pablo (Canton_ID: 52)

INSERT INTO FIDE_DISTRITOS_TB (Distrito_ID, Nombre, creado_por, modificado_por, fecha_creacion, fecha_modificacion, accion)
VALUES (53, 'Sarapiquí', NULL, NULL, NULL, NULL, NULL); -- Cantón: Sarapiquí (Canton_ID: 53)

-- Provincia: Guanacaste (Provincia_ID: 5)
INSERT INTO FIDE_DISTRITOS_TB (Distrito_ID, Nombre, creado_por, modificado_por, fecha_creacion, fecha_modificacion, accion)
VALUES (54, 'Liberia', NULL, NULL, NULL, NULL, NULL); -- Cantón: Liberia (Canton_ID: 54)

INSERT INTO FIDE_DISTRITOS_TB (Distrito_ID, Nombre, creado_por, modificado_por, fecha_creacion, fecha_modificacion, accion)
VALUES (55, 'Nicoya', NULL, NULL, NULL, NULL, NULL); -- Cantón: Nicoya (Canton_ID: 55)

INSERT INTO FIDE_DISTRITOS_TB (Distrito_ID, Nombre, creado_por, modificado_por, fecha_creacion, fecha_modificacion, accion)
VALUES (56, 'Santa Cruz', NULL, NULL, NULL, NULL, NULL); -- Cantón: Santa Cruz (Canton_ID: 56)

INSERT INTO FIDE_DISTRITOS_TB (Distrito_ID, Nombre, creado_por, modificado_por, fecha_creacion, fecha_modificacion, accion)
VALUES (57, 'Bagaces', NULL, NULL, NULL, NULL, NULL); -- Cantón: Bagaces (Canton_ID: 57)

INSERT INTO FIDE_DISTRITOS_TB (Distrito_ID, Nombre, creado_por, modificado_por, fecha_creacion, fecha_modificacion, accion)
VALUES (58, 'Carrillo', NULL, NULL, NULL, NULL, NULL); -- Cantón: Carrillo (Canton_ID: 58)

INSERT INTO FIDE_DISTRITOS_TB (Distrito_ID, Nombre, creado_por, modificado_por, fecha_creacion, fecha_modificacion, accion)
VALUES (59, 'Cañas', NULL, NULL, NULL, NULL, NULL); -- Cantón: Cañas (Canton_ID: 59)

INSERT INTO FIDE_DISTRITOS_TB (Distrito_ID, Nombre, creado_por, modificado_por, fecha_creacion, fecha_modificacion, accion)
VALUES (60, 'Abangares', NULL, NULL, NULL, NULL, NULL); -- Cantón: Abangares (Canton_ID: 60)

INSERT INTO FIDE_DISTRITOS_TB (Distrito_ID, Nombre, creado_por, modificado_por, fecha_creacion, fecha_modificacion, accion)
VALUES (61, 'Tilarán', NULL, NULL, NULL, NULL, NULL); -- Cantón: Tilarán (Canton_ID: 61)

INSERT INTO FIDE_DISTRITOS_TB (Distrito_ID, Nombre, creado_por, modificado_por, fecha_creacion, fecha_modificacion, accion)
VALUES (62, 'Nandayure', NULL, NULL, NULL, NULL, NULL); -- Cantón: Nandayure (Canton_ID: 62)

INSERT INTO FIDE_DISTRITOS_TB (Distrito_ID, Nombre, creado_por, modificado_por, fecha_creacion, fecha_modificacion, accion)
VALUES (63, 'La Cruz', NULL, NULL, NULL, NULL, NULL); -- Cantón: La Cruz (Canton_ID: 63)

INSERT INTO FIDE_DISTRITOS_TB (Distrito_ID, Nombre, creado_por, modificado_por, fecha_creacion, fecha_modificacion, accion)
VALUES (64, 'Hojancha', NULL, NULL, NULL, NULL, NULL); -- Cantón: Hojancha (Canton_ID: 64)

-- Provincia: Puntarenas (Provincia_ID: 6)
INSERT INTO FIDE_DISTRITOS_TB (Distrito_ID, Nombre, creado_por, modificado_por, fecha_creacion, fecha_modificacion, accion)
VALUES (65, 'Puntarenas', NULL, NULL, NULL, NULL, NULL); -- Cantón: Puntarenas (Canton_ID: 65)

INSERT INTO FIDE_DISTRITOS_TB (Distrito_ID, Nombre, creado_por, modificado_por, fecha_creacion, fecha_modificacion, accion)
VALUES (66, 'Esparza', NULL, NULL, NULL, NULL, NULL); -- Cantón: Esparza (Canton_ID: 66)

INSERT INTO FIDE_DISTRITOS_TB (Distrito_ID, Nombre, creado_por, modificado_por, fecha_creacion, fecha_modificacion, accion)
VALUES (67, 'Buenos Aires', NULL, NULL, NULL, NULL, NULL); -- Cantón: Buenos Aires (Canton_ID: 67)

INSERT INTO FIDE_DISTRITOS_TB (Distrito_ID, Nombre, creado_por, modificado_por, fecha_creacion, fecha_modificacion, accion)
VALUES (68, 'Montes de Oro', NULL, NULL, NULL, NULL, NULL); -- Cantón: Montes de Oro (Canton_ID: 68)

INSERT INTO FIDE_DISTRITOS_TB (Distrito_ID, Nombre, creado_por, modificado_por, fecha_creacion, fecha_modificacion, accion)
VALUES (69, 'Osa', NULL, NULL, NULL, NULL, NULL); -- Cantón: Osa (Canton_ID: 69)

INSERT INTO FIDE_DISTRITOS_TB (Distrito_ID, Nombre, creado_por, modificado_por, fecha_creacion, fecha_modificacion, accion)
VALUES (70, 'Quepos', NULL, NULL, NULL, NULL, NULL); -- Cantón: Quepos (Canton_ID: 70)

INSERT INTO FIDE_DISTRITOS_TB (Distrito_ID, Nombre, creado_por, modificado_por, fecha_creacion, fecha_modificacion, accion)
VALUES (71, 'Golfito', NULL, NULL, NULL, NULL, NULL); -- Cantón: Golfito (Canton_ID: 71)

INSERT INTO FIDE_DISTRITOS_TB (Distrito_ID, Nombre, creado_por, modificado_por, fecha_creacion, fecha_modificacion, accion)
VALUES (72, 'Coto Brus', NULL, NULL, NULL, NULL, NULL); -- Cantón: Coto Brus (Canton_ID: 72)

INSERT INTO FIDE_DISTRITOS_TB (Distrito_ID, Nombre, creado_por, modificado_por, fecha_creacion, fecha_modificacion, accion)
VALUES (73, 'Parrita', NULL, NULL, NULL, NULL, NULL); -- Cantón: Parrita (Canton_ID: 73)

INSERT INTO FIDE_DISTRITOS_TB (Distrito_ID, Nombre, creado_por, modificado_por, fecha_creacion, fecha_modificacion, accion)
VALUES (74, 'Corredores', NULL, NULL, NULL, NULL, NULL); -- Cantón: Corredores (Canton_ID: 74)

INSERT INTO FIDE_DISTRITOS_TB (Distrito_ID, Nombre, creado_por, modificado_por, fecha_creacion, fecha_modificacion, accion)
VALUES (75, 'Garabito', NULL, NULL, NULL, NULL, NULL); -- Cantón: Garabito (Canton_ID: 75)

-- Provincia: Limón (Provincia_ID: 7)
INSERT INTO FIDE_DISTRITOS_TB (Distrito_ID, Nombre, creado_por, modificado_por, fecha_creacion, fecha_modificacion, accion)
VALUES (76, 'Limón', NULL, NULL, NULL, NULL, NULL); -- Cantón: Limón (Canton_ID: 76)

INSERT INTO FIDE_DISTRITOS_TB (Distrito_ID, Nombre, creado_por, modificado_por, fecha_creacion, fecha_modificacion, accion)
VALUES (77, 'Pococí', NULL, NULL, NULL, NULL, NULL); -- Cantón: Pococí (Canton_ID: 77)

INSERT INTO FIDE_DISTRITOS_TB (Distrito_ID, Nombre, creado_por, modificado_por, fecha_creacion, fecha_modificacion, accion)
VALUES (78, 'Siquirres', NULL, NULL, NULL, NULL, NULL); -- Cantón: Siquirres (Canton_ID: 78)

INSERT INTO FIDE_DISTRITOS_TB (Distrito_ID, Nombre, creado_por, modificado_por, fecha_creacion, fecha_modificacion, accion)
VALUES (79, 'Talamanca', NULL, NULL, NULL, NULL, NULL); -- Cantón: Talamanca (Canton_ID: 79)

INSERT INTO FIDE_DISTRITOS_TB (Distrito_ID, Nombre, creado_por, modificado_por, fecha_creacion, fecha_modificacion, accion)
VALUES (80, 'Matina', NULL, NULL, NULL, NULL, NULL); -- Cantón: Matina (Canton_ID: 80)

INSERT INTO FIDE_DISTRITOS_TB (Distrito_ID, Nombre, creado_por, modificado_por, fecha_creacion, fecha_modificacion, accion)
VALUES (81, 'Guácimo', NULL, NULL, NULL, NULL, NULL); -- Cantón: Guácimo (Canton_ID: 81)

INSERT INTO FIDE_DISTRITOS_TB (Distrito_ID, Nombre, creado_por, modificado_por, fecha_creacion, fecha_modificacion, accion)
VALUES (82, 'Río Cuarto', NULL, NULL, NULL, NULL, NULL); -- Cantón: Río Cuarto (Canton_ID: 82)
/


-- Dirección en San José, Cantón Central, Distrito Carmen (Provincia_ID: 1, Canton_ID: 1, Distrito_ID: 1)
INSERT INTO FIDE_DIRECCIONES_TB (Direccion_ID, Provincia_ID, Canton_ID, Distrito_ID, creado_por, modificado_por, fecha_creacion, fecha_modificacion, accion)
VALUES (1, 1, 1, 1, NULL, NULL, NULL, NULL, NULL);

-- Dirección en Alajuela, Cantón Central, Distrito Alajuela (Provincia_ID: 2, Canton_ID: 21, Distrito_ID: 21)
INSERT INTO FIDE_DIRECCIONES_TB (Direccion_ID, Provincia_ID, Canton_ID, Distrito_ID, creado_por, modificado_por, fecha_creacion, fecha_modificacion, accion)
VALUES (2, 2, 21, 21, NULL, NULL, NULL, NULL, NULL);

-- Dirección en Cartago, Cantón Central, Distrito Oriental (Provincia_ID: 3, Canton_ID: 36, Distrito_ID: 36)
INSERT INTO FIDE_DIRECCIONES_TB (Direccion_ID, Provincia_ID, Canton_ID, Distrito_ID, creado_por, modificado_por, fecha_creacion, fecha_modificacion, accion)
VALUES (3, 3, 36, 36, NULL, NULL, NULL, NULL, NULL);

-- Dirección en Heredia, Cantón Central, Distrito Heredia (Provincia_ID: 4, Canton_ID: 44, Distrito_ID: 44)
INSERT INTO FIDE_DIRECCIONES_TB (Direccion_ID, Provincia_ID, Canton_ID, Distrito_ID, creado_por, modificado_por, fecha_creacion, fecha_modificacion, accion)
VALUES (4, 4, 44, 44, NULL, NULL, NULL, NULL, NULL);

-- Dirección en Guanacaste, Cantón Liberia, Distrito Liberia (Provincia_ID: 5, Canton_ID: 54, Distrito_ID: 54)
INSERT INTO FIDE_DIRECCIONES_TB (Direccion_ID, Provincia_ID, Canton_ID, Distrito_ID, creado_por, modificado_por, fecha_creacion, fecha_modificacion, accion)
VALUES (5, 5, 54, 54, NULL, NULL, NULL, NULL, NULL);

-- Dirección en Puntarenas, Cantón Central, Distrito Puntarenas (Provincia_ID: 6, Canton_ID: 65, Distrito_ID: 65)
INSERT INTO FIDE_DIRECCIONES_TB (Direccion_ID, Provincia_ID, Canton_ID, Distrito_ID, creado_por, modificado_por, fecha_creacion, fecha_modificacion, accion)
VALUES (6, 6, 65, 65, NULL, NULL, NULL, NULL, NULL);

-- Dirección en Limón, Cantón Central, Distrito Limón (Provincia_ID: 7, Canton_ID: 76, Distrito_ID: 76)
INSERT INTO FIDE_DIRECCIONES_TB (Direccion_ID, Provincia_ID, Canton_ID, Distrito_ID, creado_por, modificado_por, fecha_creacion, fecha_modificacion, accion)
VALUES (7, 7, 76, 76, NULL, NULL, NULL, NULL, NULL);

-- Dirección en San José, Cantón Escazú, Distrito Escazú (Provincia_ID: 1, Canton_ID: 2, Distrito_ID: 2)
INSERT INTO FIDE_DIRECCIONES_TB (Direccion_ID, Provincia_ID, Canton_ID, Distrito_ID, creado_por, modificado_por, fecha_creacion, fecha_modificacion, accion)
VALUES (8, 1, 2, 2, NULL, NULL, NULL, NULL, NULL);

-- Dirección en Alajuela, Cantón San Ramón, Distrito San Ramón (Provincia_ID: 2, Canton_ID: 22, Distrito_ID: 22)
INSERT INTO FIDE_DIRECCIONES_TB (Direccion_ID, Provincia_ID, Canton_ID, Distrito_ID, creado_por, modificado_por, fecha_creacion, fecha_modificacion, accion)
VALUES (9, 2, 22, 22, NULL, NULL, NULL, NULL, NULL);

-- Dirección en Cartago, Cantón Paraíso, Distrito Paraíso (Provincia_ID: 3, Canton_ID: 37, Distrito_ID: 37)
INSERT INTO FIDE_DIRECCIONES_TB (Direccion_ID, Provincia_ID, Canton_ID, Distrito_ID, creado_por, modificado_por, fecha_creacion, fecha_modificacion, accion)
VALUES (10, 3, 37, 37, NULL, NULL, NULL, NULL, NULL);

-- Dirección en Heredia, Cantón Barva, Distrito Barva (Provincia_ID: 4, Canton_ID: 45, Distrito_ID: 45)
INSERT INTO FIDE_DIRECCIONES_TB (Direccion_ID, Provincia_ID, Canton_ID, Distrito_ID, creado_por, modificado_por, fecha_creacion, fecha_modificacion, accion)
VALUES (11, 4, 45, 45, NULL, NULL, NULL, NULL, NULL);

-- Dirección en Guanacaste, Cantón Nicoya, Distrito Nicoya (Provincia_ID: 5, Canton_ID: 55, Distrito_ID: 55)
INSERT INTO FIDE_DIRECCIONES_TB (Direccion_ID, Provincia_ID, Canton_ID, Distrito_ID, creado_por, modificado_por, fecha_creacion, fecha_modificacion, accion)
VALUES (12, 5, 55, 55, NULL, NULL, NULL, NULL, NULL);

-- Dirección en Puntarenas, Cantón Esparza, Distrito Esparza (Provincia_ID: 6, Canton_ID: 66, Distrito_ID: 66)
INSERT INTO FIDE_DIRECCIONES_TB (Direccion_ID, Provincia_ID, Canton_ID, Distrito_ID, creado_por, modificado_por, fecha_creacion, fecha_modificacion, accion)
VALUES (13, 6, 66, 66, NULL, NULL, NULL, NULL, NULL);

-- Dirección en Limón, Cantón Pococí, Distrito Pococí (Provincia_ID: 7, Canton_ID: 77, Distrito_ID: 77)
INSERT INTO FIDE_DIRECCIONES_TB (Direccion_ID, Provincia_ID, Canton_ID, Distrito_ID, creado_por, modificado_por, fecha_creacion, fecha_modificacion, accion)
VALUES (14, 7, 77, 77, NULL, NULL, NULL, NULL, NULL);

-- Dirección en San José, Cantón Desamparados, Distrito Desamparados (Provincia_ID: 1, Canton_ID: 3, Distrito_ID: 3)
INSERT INTO FIDE_DIRECCIONES_TB (Direccion_ID, Provincia_ID, Canton_ID, Distrito_ID, creado_por, modificado_por, fecha_creacion, fecha_modificacion, accion)
VALUES (15, 1, 3, 3, NULL, NULL, NULL, NULL, NULL);

-- Dirección en Alajuela, Cantón Grecia, Distrito Grecia (Provincia_ID: 2, Canton_ID: 23, Distrito_ID: 23)
INSERT INTO FIDE_DIRECCIONES_TB (Direccion_ID, Provincia_ID, Canton_ID, Distrito_ID, creado_por, modificado_por, fecha_creacion, fecha_modificacion, accion)
VALUES (16, 2, 23, 23, NULL, NULL, NULL, NULL, NULL);

-- Dirección en Cartago, Cantón Turrialba, Distrito Turrialba (Provincia_ID: 3, Canton_ID: 40, Distrito_ID: 40)
INSERT INTO FIDE_DIRECCIONES_TB (Direccion_ID, Provincia_ID, Canton_ID, Distrito_ID, creado_por, modificado_por, fecha_creacion, fecha_modificacion, accion)
VALUES (17, 3, 40, 40, NULL, NULL, NULL, NULL, NULL);

-- Dirección en Heredia, Cantón Santo Domingo, Distrito Santo Domingo (Provincia_ID: 4, Canton_ID: 46, Distrito_ID: 46)
INSERT INTO FIDE_DIRECCIONES_TB (Direccion_ID, Provincia_ID, Canton_ID, Distrito_ID, creado_por, modificado_por, fecha_creacion, fecha_modificacion, accion)
VALUES (18, 4, 46, 46, NULL, NULL, NULL, NULL, NULL);

-- Dirección en Guanacaste, Cantón Santa Cruz, Distrito Santa Cruz (Provincia_ID: 5, Canton_ID: 56, Distrito_ID: 56)
INSERT INTO FIDE_DIRECCIONES_TB (Direccion_ID, Provincia_ID, Canton_ID, Distrito_ID, creado_por, modificado_por, fecha_creacion, fecha_modificacion, accion)
VALUES (19, 5, 56, 56, NULL, NULL, NULL, NULL, NULL);

-- Dirección en Limón, Cantón Siquirres, Distrito Siquirres (Provincia_ID: 7, Canton_ID: 78, Distrito_ID: 78)
INSERT INTO FIDE_DIRECCIONES_TB (Direccion_ID, Provincia_ID, Canton_ID, Distrito_ID, creado_por, modificado_por, fecha_creacion, fecha_modificacion, accion)
VALUES (20, 7, 78, 78, NULL, NULL, NULL, NULL, NULL);
/


INSERT ALL
INTO FIDE_VOTANTES_TB (Votante_ID, Nombre, Apellido, Fecha_Nacimiento, Email, Telefono, Genero_ID, 
Direccion_ID, Estado_ID, creado_por, modificado_por, fecha_creacion, fecha_modificacion, accion)
VALUES(1, 'Juan', 'Pérez', TO_DATE('1990-05-15', 'YYYY-MM-DD'), 'juan.perez@example.com', 
'88881111', 1, 1, 1, NULL, NULL, NULL, NULL, NULL)

INTO FIDE_VOTANTES_TB (Votante_ID, Nombre, Apellido, Fecha_Nacimiento, Email, Telefono, Genero_ID, 
Direccion_ID, Estado_ID, creado_por, modificado_por, fecha_creacion, fecha_modificacion, accion)
VALUES(2, 'María', 'Gómez', TO_DATE('1985-08-22', 'YYYY-MM-DD'), 'maria.gomez@example.com', 
'88882222', 2, 2, 1, NULL, NULL, NULL, NULL, NULL)

INTO FIDE_VOTANTES_TB (Votante_ID, Nombre, Apellido, Fecha_Nacimiento, Email, Telefono, Genero_ID, 
Direccion_ID, Estado_ID, creado_por, modificado_por, fecha_creacion, fecha_modificacion, accion)
VALUES(3, 'Carlos', 'López', TO_DATE('1992-03-10', 'YYYY-MM-DD'), 'carlos.lopez@example.com', 
'88883333', 1, 3, 1, NULL, NULL, NULL, NULL, NULL)

INTO FIDE_VOTANTES_TB (Votante_ID, Nombre, Apellido, Fecha_Nacimiento, Email, Telefono, Genero_ID, 
Direccion_ID, Estado_ID, creado_por, modificado_por, fecha_creacion, fecha_modificacion, accion)
VALUES(4, 'Ana', 'Rodríguez', TO_DATE('1988-11-05', 'YYYY-MM-DD'), 'ana.rodriguez@example.com', 
'88884444', 2, 4, 1, NULL, NULL, NULL, NULL, NULL)

INTO FIDE_VOTANTES_TB (Votante_ID, Nombre, Apellido, Fecha_Nacimiento, Email, Telefono, Genero_ID, 
Direccion_ID, Estado_ID, creado_por, modificado_por, fecha_creacion, fecha_modificacion, accion)
VALUES(5, 'Luis', 'Martínez', TO_DATE('1995-07-19', 'YYYY-MM-DD'), 'luis.martinez@example.com', 
'88885555', 1, 5, 1, NULL, NULL, NULL, NULL, NULL)

INTO FIDE_VOTANTES_TB (Votante_ID, Nombre, Apellido, Fecha_Nacimiento, Email, Telefono, Genero_ID, 
Direccion_ID, Estado_ID, creado_por, modificado_por, fecha_creacion, fecha_modificacion, accion)
VALUES(6, 'Sofía', 'Chaves', TO_DATE('1991-09-30', 'YYYY-MM-DD'), 'sofia.chaves@example.com', 
'88886666', 2, 6, 1, NULL, NULL, NULL, NULL, NULL)

INTO FIDE_VOTANTES_TB (Votante_ID, Nombre, Apellido, Fecha_Nacimiento, Email, Telefono, Genero_ID, 
Direccion_ID, Estado_ID, creado_por, modificado_por, fecha_creacion, fecha_modificacion, accion)
VALUES(7, 'Pedro', 'Sánchez', TO_DATE('1987-12-25', 'YYYY-MM-DD'), 'pedro.sanchez@example.com', 
'88887777', 1, 7, 1, NULL, NULL, NULL, NULL, NULL)

INTO FIDE_VOTANTES_TB (Votante_ID, Nombre, Apellido, Fecha_Nacimiento, Email, Telefono, Genero_ID, 
Direccion_ID, Estado_ID, creado_por, modificado_por, fecha_creacion, fecha_modificacion, accion)
VALUES(8, 'Laura', 'Fernández', TO_DATE('1993-04-12', 'YYYY-MM-DD'), 'laura.fernandez@example.com', 
'88888888', 2, 8, 1, NULL, NULL, NULL, NULL, NULL)

INTO FIDE_VOTANTES_TB (Votante_ID, Nombre, Apellido, Fecha_Nacimiento, Email, Telefono, Genero_ID, 
Direccion_ID, Estado_ID, creado_por, modificado_por, fecha_creacion, fecha_modificacion, accion)
VALUES(9, 'Diego', 'Ramírez', TO_DATE('1989-06-08', 'YYYY-MM-DD'), 'diego.ramirez@example.com', 
'88889999', 1, 9, 1, NULL, NULL, NULL, NULL, NULL)

INTO FIDE_VOTANTES_TB (Votante_ID, Nombre, Apellido, Fecha_Nacimiento, Email, Telefono, Genero_ID, 
Direccion_ID, Estado_ID, creado_por, modificado_por, fecha_creacion, fecha_modificacion, accion)
VALUES(10, 'Carmen', 'Vargas', TO_DATE('1994-02-14', 'YYYY-MM-DD'), 'carmen.vargas@example.com', 
'88880000', 2, 10, 1, NULL, NULL, NULL, NULL, NULL)

INTO FIDE_VOTANTES_TB (Votante_ID, Nombre, Apellido, Fecha_Nacimiento, Email, Telefono, Genero_ID, 
Direccion_ID, Estado_ID, creado_por, modificado_por, fecha_creacion, fecha_modificacion, accion)
VALUES(11, 'Alejandro', 'Hernández', TO_DATE('1990-01-01', 'YYYY-MM-DD'), 'alejandro.hernandez@example.com', 
'88881112', 1, 11, 1, NULL, NULL, NULL, NULL, NULL)

INTO FIDE_VOTANTES_TB (Votante_ID, Nombre, Apellido, Fecha_Nacimiento, Email, Telefono, Genero_ID, 
Direccion_ID, Estado_ID, creado_por, modificado_por, fecha_creacion, fecha_modificacion, accion)
VALUES(12, 'Isabel', 'Morales', TO_DATE('1986-02-02', 'YYYY-MM-DD'), 'isabel.morales@example.com', 
'88882223', 2, 12, 1, NULL, NULL, NULL, NULL, NULL)

INTO FIDE_VOTANTES_TB (Votante_ID, Nombre, Apellido, Fecha_Nacimiento, Email, Telefono, Genero_ID, 
Direccion_ID, Estado_ID, creado_por, modificado_por, fecha_creacion, fecha_modificacion, accion)
VALUES(13, 'Jorge', 'Gutiérrez', TO_DATE('1992-03-03', 'YYYY-MM-DD'), 'jorge.gutierrez@example.com', 
'88883334', 1, 13, 1, NULL, NULL, NULL, NULL, NULL)

INTO FIDE_VOTANTES_TB (Votante_ID, Nombre, Apellido, Fecha_Nacimiento, Email, Telefono, Genero_ID, 
Direccion_ID, Estado_ID, creado_por, modificado_por, fecha_creacion, fecha_modificacion, accion)
VALUES(14, 'Patricia', 'Díaz', TO_DATE('1987-04-04', 'YYYY-MM-DD'), 'patricia.diaz@example.com', 
'88884445', 2, 14, 1, NULL, NULL, NULL, NULL, NULL)

INTO FIDE_VOTANTES_TB (Votante_ID, Nombre, Apellido, Fecha_Nacimiento, Email, Telefono, Genero_ID, 
Direccion_ID, Estado_ID, creado_por, modificado_por, fecha_creacion, fecha_modificacion, accion)
VALUES(15, 'Ricardo', 'Méndez', TO_DATE('1993-05-05', 'YYYY-MM-DD'), 'ricardo.mendez@example.com', 
'88885556', 1, 15, 1, NULL, NULL, NULL, NULL, NULL)

INTO FIDE_VOTANTES_TB (Votante_ID, Nombre, Apellido, Fecha_Nacimiento, Email, Telefono, Genero_ID, 
Direccion_ID, Estado_ID, creado_por, modificado_por, fecha_creacion, fecha_modificacion, accion)
VALUES(16, 'Lucía', 'Rojas', TO_DATE('1989-06-06', 'YYYY-MM-DD'), 'lucia.rojas@example.com', 
'88886667', 2, 16, 1, NULL, NULL, NULL, NULL, NULL)

INTO FIDE_VOTANTES_TB (Votante_ID, Nombre, Apellido, Fecha_Nacimiento, Email, Telefono, Genero_ID, 
Direccion_ID, Estado_ID, creado_por, modificado_por, fecha_creacion, fecha_modificacion, accion)
VALUES(17, 'Fernando', 'Castro', TO_DATE('1991-07-07', 'YYYY-MM-DD'), 'fernando.castro@example.com', 
'88887778', 1, 17, 1, NULL, NULL, NULL, NULL, NULL)

INTO FIDE_VOTANTES_TB (Votante_ID, Nombre, Apellido, Fecha_Nacimiento, Email, Telefono, Genero_ID, 
Direccion_ID, Estado_ID, creado_por, modificado_por, fecha_creacion, fecha_modificacion, accion)
VALUES(18, 'Gabriela', 'Romero', TO_DATE('1988-08-08', 'YYYY-MM-DD'), 'gabriela.romero@example.com', 
'88888889', 2, 18, 1, NULL, NULL, NULL, NULL, NULL)

INTO FIDE_VOTANTES_TB (Votante_ID, Nombre, Apellido, Fecha_Nacimiento, Email, Telefono, Genero_ID, 
Direccion_ID, Estado_ID, creado_por, modificado_por, fecha_creacion, fecha_modificacion, accion)
VALUES(19, 'Roberto', 'Alvarado', TO_DATE('1994-09-09', 'YYYY-MM-DD'), 'roberto.alvarado@example.com', 
'88889990', 1, 19, 1, NULL, NULL, NULL, NULL, NULL)

INTO FIDE_VOTANTES_TB (Votante_ID, Nombre, Apellido, Fecha_Nacimiento, Email, Telefono, Genero_ID, 
Direccion_ID, Estado_ID, creado_por, modificado_por, fecha_creacion, fecha_modificacion, accion)
VALUES(20, 'Mónica', 'Vega', TO_DATE('1990-10-10', 'YYYY-MM-DD'), 'monica.vega@example.com', 
'88880001', 2, 20, 1, NULL, NULL, NULL, NULL, NULL)

-- Registros 21-40
INTO FIDE_VOTANTES_TB (Votante_ID, Nombre, Apellido, Fecha_Nacimiento, Email, Telefono, Genero_ID, 
Direccion_ID, Estado_ID, creado_por, modificado_por, fecha_creacion, fecha_modificacion, accion)
VALUES(21, 'José', 'Navarro', TO_DATE('1985-11-11', 'YYYY-MM-DD'), 'jose.navarro@example.com', 
'88881113', 1, 1, 1, NULL, NULL, NULL, NULL, NULL)

INTO FIDE_VOTANTES_TB (Votante_ID, Nombre, Apellido, Fecha_Nacimiento, Email, Telefono, Genero_ID, 
Direccion_ID, Estado_ID, creado_por, modificado_por, fecha_creacion, fecha_modificacion, accion)
VALUES(22, 'Adriana', 'Molina', TO_DATE('1992-12-12', 'YYYY-MM-DD'), 'adriana.molina@example.com', 
'88882224', 2, 2, 1, NULL, NULL, NULL, NULL, NULL)

INTO FIDE_VOTANTES_TB (Votante_ID, Nombre, Apellido, Fecha_Nacimiento, Email, Telefono, Genero_ID, 
Direccion_ID, Estado_ID, creado_por, modificado_por, fecha_creacion, fecha_modificacion, accion)
VALUES(23, 'Miguel', 'Ríos', TO_DATE('1988-01-13', 'YYYY-MM-DD'), 'miguel.rios@example.com', 
'88883335', 1, 3, 1, NULL, NULL, NULL, NULL, NULL)

INTO FIDE_VOTANTES_TB (Votante_ID, Nombre, Apellido, Fecha_Nacimiento, Email, Telefono, Genero_ID, 
Direccion_ID, Estado_ID, creado_por, modificado_por, fecha_creacion, fecha_modificacion, accion)
VALUES(24, 'Verónica', 'Silva', TO_DATE('1993-02-14', 'YYYY-MM-DD'), 'veronica.silva@example.com', 
'88884446', 2, 4, 1, NULL, NULL, NULL, NULL, NULL)

INTO FIDE_VOTANTES_TB (Votante_ID, Nombre, Apellido, Fecha_Nacimiento, Email, Telefono, Genero_ID, 
Direccion_ID, Estado_ID, creado_por, modificado_por, fecha_creacion, fecha_modificacion, accion)
VALUES(25, 'Francisco', 'Campos', TO_DATE('1989-03-15', 'YYYY-MM-DD'), 'francisco.campos@example.com', 
'88885557', 1, 5, 1, NULL, NULL, NULL, NULL, NULL)

INTO FIDE_VOTANTES_TB (Votante_ID, Nombre, Apellido, Fecha_Nacimiento, Email, Telefono, Genero_ID, 
Direccion_ID, Estado_ID, creado_por, modificado_por, fecha_creacion, fecha_modificacion, accion)
VALUES(26, 'Daniela', 'Guerrero', TO_DATE('1995-04-16', 'YYYY-MM-DD'), 'daniela.guerrero@example.com', 
'88886668', 2, 6, 1, NULL, NULL, NULL, NULL, NULL)

INTO FIDE_VOTANTES_TB (Votante_ID, Nombre, Apellido, Fecha_Nacimiento, Email, Telefono, Genero_ID, 
Direccion_ID, Estado_ID, creado_por, modificado_por, fecha_creacion, fecha_modificacion, accion)
VALUES(27, 'Andrés', 'Vargas', TO_DATE('1991-05-17', 'YYYY-MM-DD'), 'andres.vargas@example.com', 
'88887779', 1, 7, 1, NULL, NULL, NULL, NULL, NULL)

INTO FIDE_VOTANTES_TB (Votante_ID, Nombre, Apellido, Fecha_Nacimiento, Email, Telefono, Genero_ID, 
Direccion_ID, Estado_ID, creado_por, modificado_por, fecha_creacion, fecha_modificacion, accion)
VALUES(28, 'Sara', 'Cruz', TO_DATE('1987-06-18', 'YYYY-MM-DD'), 'sara.cruz@example.com', 
'88888890', 2, 8, 1, NULL, NULL, NULL, NULL, NULL)

INTO FIDE_VOTANTES_TB (Votante_ID, Nombre, Apellido, Fecha_Nacimiento, Email, Telefono, Genero_ID, 
Direccion_ID, Estado_ID, creado_por, modificado_por, fecha_creacion, fecha_modificacion, accion)
VALUES(29, 'Raúl', 'Ortiz', TO_DATE('1994-07-19', 'YYYY-MM-DD'), 'raul.ortiz@example.com', 
'88889991', 1, 9, 1, NULL, NULL, NULL, NULL, NULL)

INTO FIDE_VOTANTES_TB (Votante_ID, Nombre, Apellido, Fecha_Nacimiento, Email, Telefono, Genero_ID, 
Direccion_ID, Estado_ID, creado_por, modificado_por, fecha_creacion, fecha_modificacion, accion)
VALUES(30, 'Natalia', 'Flores', TO_DATE('1990-08-20', 'YYYY-MM-DD'), 'natalia.flores@example.com', 
'88880002', 2, 10, 1, NULL, NULL, NULL, NULL, NULL)

INTO FIDE_VOTANTES_TB (Votante_ID, Nombre, Apellido, Fecha_Nacimiento, Email, Telefono, Genero_ID, 
Direccion_ID, Estado_ID, creado_por, modificado_por, fecha_creacion, fecha_modificacion, accion)
VALUES(31, 'Eduardo', 'Soto', TO_DATE('1986-09-21', 'YYYY-MM-DD'), 'eduardo.soto@example.com', 
'88881114', 1, 11, 1, NULL, NULL, NULL, NULL, NULL)

INTO FIDE_VOTANTES_TB (Votante_ID, Nombre, Apellido, Fecha_Nacimiento, Email, Telefono, Genero_ID, 
Direccion_ID, Estado_ID, creado_por, modificado_por, fecha_creacion, fecha_modificacion, accion)
VALUES(32, 'Marina', 'Cortés', TO_DATE('1992-10-22', 'YYYY-MM-DD'), 'marina.cortes@example.com', 
'88882225', 2, 12, 1, NULL, NULL, NULL, NULL, NULL)

INTO FIDE_VOTANTES_TB (Votante_ID, Nombre, Apellido, Fecha_Nacimiento, Email, Telefono, Genero_ID, 
Direccion_ID, Estado_ID, creado_por, modificado_por, fecha_creacion, fecha_modificacion, accion)
VALUES(33, 'Héctor', 'Guzmán', TO_DATE('1988-11-23', 'YYYY-MM-DD'), 'hector.guzman@example.com', 
'88883336', 1, 13, 1, NULL, NULL, NULL, NULL, NULL)

INTO FIDE_VOTANTES_TB (Votante_ID, Nombre, Apellido, Fecha_Nacimiento, Email, Telefono, Genero_ID, 
Direccion_ID, Estado_ID, creado_por, modificado_por, fecha_creacion, fecha_modificacion, accion)
VALUES(34, 'Claudia', 'Reyes', TO_DATE('1993-12-24', 'YYYY-MM-DD'), 'claudia.reyes@example.com', 
'88884447', 2, 14, 1, NULL, NULL, NULL, NULL, NULL)

INTO FIDE_VOTANTES_TB (Votante_ID, Nombre, Apellido, Fecha_Nacimiento, Email, Telefono, Genero_ID, 
Direccion_ID, Estado_ID, creado_por, modificado_por, fecha_creacion, fecha_modificacion, accion)
VALUES(35, 'Javier', 'Aguilar', TO_DATE('1989-01-25', 'YYYY-MM-DD'), 'javier.aguilar@example.com', 
'88885558', 1, 15, 1, NULL, NULL, NULL, NULL, NULL)

INTO FIDE_VOTANTES_TB (Votante_ID, Nombre, Apellido, Fecha_Nacimiento, Email, Telefono, Genero_ID, 
Direccion_ID, Estado_ID, creado_por, modificado_por, fecha_creacion, fecha_modificacion, accion)
VALUES(36, 'Valeria', 'Méndez', TO_DATE('1995-02-26', 'YYYY-MM-DD'), 'valeria.mendez@example.com', 
'88886669', 2, 16, 1, NULL, NULL, NULL, NULL, NULL)

INTO FIDE_VOTANTES_TB (Votante_ID, Nombre, Apellido, Fecha_Nacimiento, Email, Telefono, Genero_ID, 
Direccion_ID, Estado_ID, creado_por, modificado_por, fecha_creacion, fecha_modificacion, accion)
VALUES(37, 'Oscar', 'Fuentes', TO_DATE('1991-03-27', 'YYYY-MM-DD'), 'oscar.fuentes@example.com', 
'88887780', 1, 17, 1, NULL, NULL, NULL, NULL, NULL)

INTO FIDE_VOTANTES_TB (Votante_ID, Nombre, Apellido, Fecha_Nacimiento, Email, Telefono, Genero_ID, 
Direccion_ID, Estado_ID, creado_por, modificado_por, fecha_creacion, fecha_modificacion, accion)
VALUES(38, 'Lorena', 'Santos', TO_DATE('1987-04-28', 'YYYY-MM-DD'), 'lorena.santos@example.com', 
'88888891', 2, 18, 1, NULL, NULL, NULL, NULL, NULL)

INTO FIDE_VOTANTES_TB (Votante_ID, Nombre, Apellido, Fecha_Nacimiento, Email, Telefono, Genero_ID, 
Direccion_ID, Estado_ID, creado_por, modificado_por, fecha_creacion, fecha_modificacion, accion)
VALUES(39, 'Manuel', 'Jiménez', TO_DATE('1994-05-29', 'YYYY-MM-DD'), 'manuel.jimenez@example.com', 
'88889992', 1, 19, 1, NULL, NULL, NULL, NULL, NULL)

INTO FIDE_VOTANTES_TB (Votante_ID, Nombre, Apellido, Fecha_Nacimiento, Email, Telefono, Genero_ID, 
Direccion_ID, Estado_ID, creado_por, modificado_por, fecha_creacion, fecha_modificacion, accion)
VALUES(40, 'Camila', 'Ortega', TO_DATE('1990-06-30', 'YYYY-MM-DD'), 'camila.ortega@example.com', 
'88880003', 2, 20, 1, NULL, NULL, NULL, NULL, NULL)

-- Registros 41-60
INTO FIDE_VOTANTES_TB (Votante_ID, Nombre, Apellido, Fecha_Nacimiento, Email, Telefono, Genero_ID, 
Direccion_ID, Estado_ID, creado_por, modificado_por, fecha_creacion, fecha_modificacion, accion)
VALUES(41, 'Ricardo', 'Méndez', TO_DATE('1998-12-31', 'YYYY-MM-DD'), 'ricardo.mendez@example.com', 
'88889998', 1, 20, 1, NULL, NULL, NULL, NULL, NULL)

INTO FIDE_VOTANTES_TB (Votante_ID, Nombre, Apellido, Fecha_Nacimiento, Email, Telefono, Genero_ID, 
Direccion_ID, Estado_ID, creado_por, modificado_por, fecha_creacion, fecha_modificacion, accion)
VALUES(42, 'Carlos', 'Pérez', TO_DATE('1987-06-23', 'YYYY-MM-DD'), 'carlos.perez@example.com', 
'88884256', 2, 1, 1, NULL, NULL, NULL, NULL, NULL)

INTO FIDE_VOTANTES_TB (Votante_ID, Nombre, Apellido, Fecha_Nacimiento, Email, Telefono, Genero_ID, 
Direccion_ID, Estado_ID, creado_por, modificado_por, fecha_creacion, fecha_modificacion, accion)
VALUES(43, 'Lucía', 'Gómez', TO_DATE('1990-07-30', 'YYYY-MM-DD'), 'lucia.gomez@example.com', 
'88885367', 1, 2, 1, NULL, NULL, NULL, NULL, NULL)

INTO FIDE_VOTANTES_TB (Votante_ID, Nombre, Apellido, Fecha_Nacimiento, Email, Telefono, Genero_ID, 
Direccion_ID, Estado_ID, creado_por, modificado_por, fecha_creacion, fecha_modificacion, accion)
VALUES(44, 'Raúl', 'Hernández', TO_DATE('1993-02-25', 'YYYY-MM-DD'), 'raul.hernandez@example.com', 
'88886478', 3, 3, 1, NULL, NULL, NULL, NULL, NULL)

INTO FIDE_VOTANTES_TB (Votante_ID, Nombre, Apellido, Fecha_Nacimiento, Email, Telefono, Genero_ID, 
Direccion_ID, Estado_ID, creado_por, modificado_por, fecha_creacion, fecha_modificacion, accion)
VALUES(45, 'Ana', 'Sánchez', TO_DATE('1989-05-18', 'YYYY-MM-DD'), 'ana.sanchez@example.com', 
'88887589', 2, 1, 1, NULL, NULL, NULL, NULL, NULL)

INTO FIDE_VOTANTES_TB (Votante_ID, Nombre, Apellido, Fecha_Nacimiento, Email, Telefono, Genero_ID, 
Direccion_ID, Estado_ID, creado_por, modificado_por, fecha_creacion, fecha_modificacion, accion)
VALUES(46, 'Pedro', 'Ramírez', TO_DATE('1985-09-14', 'YYYY-MM-DD'), 'pedro.ramirez@example.com', 
'88888690', 1, 2, 1, NULL, NULL, NULL, NULL, NULL)

INTO FIDE_VOTANTES_TB (Votante_ID, Nombre, Apellido, Fecha_Nacimiento, Email, Telefono, Genero_ID, 
Direccion_ID, Estado_ID, creado_por, modificado_por, fecha_creacion, fecha_modificacion, accion)
VALUES(47, 'Elena', 'Martínez', TO_DATE('1991-03-12', 'YYYY-MM-DD'), 'elena.martinez@example.com',
'88889701', 3, 3, 1, NULL, NULL, NULL, NULL, NULL)

INTO FIDE_VOTANTES_TB (Votante_ID, Nombre, Apellido, Fecha_Nacimiento, Email, Telefono, Genero_ID, 
Direccion_ID, Estado_ID, creado_por, modificado_por, fecha_creacion, fecha_modificacion, accion)
VALUES(48, 'Ricardo', 'Vega', TO_DATE('1986-08-07', 'YYYY-MM-DD'), 'ricardo.vega@example.com',
'88890812', 2, 1, 1, NULL, NULL, NULL, NULL, NULL)

INTO FIDE_VOTANTES_TB (Votante_ID, Nombre, Apellido, Fecha_Nacimiento, Email, Telefono, Genero_ID, 
Direccion_ID, Estado_ID, creado_por, modificado_por, fecha_creacion, fecha_modificacion, accion)
VALUES(49, 'Beatriz', 'García', TO_DATE('1994-10-21', 'YYYY-MM-DD'), 'beatriz.garcia@example.com', 
'88891923', 1, 2, 1, NULL, NULL, NULL, NULL, NULL)

INTO FIDE_VOTANTES_TB (Votante_ID, Nombre, Apellido, Fecha_Nacimiento, Email, Telefono, Genero_ID, 
Direccion_ID, Estado_ID, creado_por, modificado_por, fecha_creacion, fecha_modificacion, accion)
VALUES(50, 'Juan', 'López', TO_DATE('1988-11-16', 'YYYY-MM-DD'), 'juan.lopez@example.com', 
'88893034', 2, 3, 1, NULL, NULL, NULL, NULL, NULL)

INTO FIDE_VOTANTES_TB (Votante_ID, Nombre, Apellido, Fecha_Nacimiento, Email, Telefono, Genero_ID, 
Direccion_ID, Estado_ID, creado_por, modificado_por, fecha_creacion, fecha_modificacion, accion)
VALUES(51, 'Marta', 'Jiménez', TO_DATE('1995-01-25', 'YYYY-MM-DD'), 'marta.jimenez@example.com',
'88894145', 1, 1, 1, NULL, NULL, NULL, NULL, NULL)

INTO FIDE_VOTANTES_TB (Votante_ID, Nombre, Apellido, Fecha_Nacimiento, Email, Telefono, Genero_ID, 
Direccion_ID, Estado_ID, creado_por, modificado_por, fecha_creacion, fecha_modificacion, accion)
VALUES(52, 'Fernando', 'Fernández', TO_DATE('1990-04-09', 'YYYY-MM-DD'), 'fernando.fernandez@example.com',
'88895256', 3, 2, 1, NULL, NULL, NULL, NULL, NULL)

INTO FIDE_VOTANTES_TB (Votante_ID, Nombre, Apellido, Fecha_Nacimiento, Email, Telefono, Genero_ID, 
Direccion_ID, Estado_ID, creado_por, modificado_por, fecha_creacion, fecha_modificacion, accion)
VALUES(53, 'María', 'Álvarez', TO_DATE('1986-12-13', 'YYYY-MM-DD'), 'maria.alvarez@example.com',
'88896367', 2, 1, 1, NULL, NULL, NULL, NULL, NULL)

INTO FIDE_VOTANTES_TB (Votante_ID, Nombre, Apellido, Fecha_Nacimiento, Email, Telefono, Genero_ID, 
Direccion_ID, Estado_ID, creado_por, modificado_por, fecha_creacion, fecha_modificacion, accion)
VALUES(54, 'José', 'Torres', TO_DATE('1992-07-29', 'YYYY-MM-DD'), 'jose.torres@example.com',
'88897478', 1, 3, 1, NULL, NULL, NULL, NULL, NULL)

INTO FIDE_VOTANTES_TB (Votante_ID, Nombre, Apellido, Fecha_Nacimiento, Email, Telefono, Genero_ID, 
Direccion_ID, Estado_ID, creado_por, modificado_por, fecha_creacion, fecha_modificacion, accion)
VALUES(55, 'Carmen', 'Cruz', TO_DATE('1991-10-03', 'YYYY-MM-DD'), 'carmen.cruz@example.com',
'88898589', 2, 2, 1, NULL, NULL, NULL, NULL, NULL)

INTO FIDE_VOTANTES_TB (Votante_ID, Nombre, Apellido, Fecha_Nacimiento, Email, Telefono, Genero_ID, 
Direccion_ID, Estado_ID, creado_por, modificado_por, fecha_creacion, fecha_modificacion, accion)
VALUES(56, 'David', 'Morales', TO_DATE('1989-01-06', 'YYYY-MM-DD'), 'david.morales@example.com',
'88899690', 3, 1, 1, NULL, NULL, NULL, NULL, NULL)

INTO FIDE_VOTANTES_TB (Votante_ID, Nombre, Apellido, Fecha_Nacimiento, Email, Telefono, Genero_ID, 
Direccion_ID, Estado_ID, creado_por, modificado_por, fecha_creacion, fecha_modificacion, accion)
VALUES(57, 'Cristina', 'González', TO_DATE('1987-11-11', 'YYYY-MM-DD'), 'cristina.gonzalez@example.com', 
'88900701', 2, 3, 1, NULL, NULL, NULL, NULL, NULL)

INTO FIDE_VOTANTES_TB (Votante_ID, Nombre, Apellido, Fecha_Nacimiento, Email, Telefono, Genero_ID, 
Direccion_ID, Estado_ID, creado_por, modificado_por, fecha_creacion, fecha_modificacion, accion)
VALUES(58, 'José', 'Díaz', TO_DATE('1994-02-18', 'YYYY-MM-DD'), 'jose.diaz@example.com',
'88901812', 1, 2, 1, NULL, NULL, NULL, NULL, NULL)

INTO FIDE_VOTANTES_TB (Votante_ID, Nombre, Apellido, Fecha_Nacimiento, Email, Telefono, Genero_ID, 
Direccion_ID, Estado_ID, creado_por, modificado_por, fecha_creacion, fecha_modificacion, accion)
VALUES(59, 'Laura', 'Ruiz', TO_DATE('1993-05-09', 'YYYY-MM-DD'), 'laura.ruiz@example.com',
'88902923', 3, 3, 1, NULL, NULL, NULL, NULL, NULL)

INTO FIDE_VOTANTES_TB (Votante_ID, Nombre, Apellido, Fecha_Nacimiento, Email, Telefono, Genero_ID, 
Direccion_ID, Estado_ID, creado_por, modificado_por, fecha_creacion, fecha_modificacion, accion)
VALUES(60, 'Mario', 'Gómez', TO_DATE('1988-12-22', 'YYYY-MM-DD'), 'mario.gomez@example.com', 
'88904034', 1, 1, 1, NULL, NULL, NULL, NULL, NULL),

-- Registros 61-80
INTO FIDE_VOTANTES_TB (Votante_ID, Nombre, Apellido, Fecha_Nacimiento, Email, Telefono, Genero_ID, 
Direccion_ID, Estado_ID, creado_por, modificado_por, fecha_creacion, fecha_modificacion, accion)
VALUES(61, 'Lucía', 'Martín', TO_DATE('1991-04-13', 'YYYY-MM-DD'), 'lucia.martin@example.com', 
'88905145', 2, 2, 1, NULL, NULL, NULL, NULL, NULL)

INTO FIDE_VOTANTES_TB (Votante_ID, Nombre, Apellido, Fecha_Nacimiento, Email, Telefono, Genero_ID, 
Direccion_ID, Estado_ID, creado_por, modificado_por, fecha_creacion, fecha_modificacion, accion)
VALUES(62, 'Carlos', 'Moreno', TO_DATE('1987-09-17', 'YYYY-MM-DD'), 'carlos.moreno@example.com', 
'88906256', 3, 1, 1, NULL, NULL, NULL, NULL, NULL)

INTO FIDE_VOTANTES_TB (Votante_ID, Nombre, Apellido, Fecha_Nacimiento, Email, Telefono, Genero_ID, 
Direccion_ID, Estado_ID, creado_por, modificado_por, fecha_creacion, fecha_modificacion, accion)
VALUES(63, 'Juan', 'Serrano', TO_DATE('1989-11-08', 'YYYY-MM-DD'), 'juan.serrano@example.com', 
'88907367', 2, 3, 1, NULL, NULL, NULL, NULL, NULL)

INTO FIDE_VOTANTES_TB (Votante_ID, Nombre, Apellido, Fecha_Nacimiento, Email, Telefono, Genero_ID, 
Direccion_ID, Estado_ID, creado_por, modificado_por, fecha_creacion, fecha_modificacion, accion)
VALUES(64, 'Sandra', 'González', TO_DATE('1992-10-25', 'YYYY-MM-DD'), 'sandra.gonzalez@example.com', 
'88908478', 1, 2, 1, NULL, NULL, NULL, NULL, NULL)

INTO FIDE_VOTANTES_TB (Votante_ID, Nombre, Apellido, Fecha_Nacimiento, Email, Telefono, Genero_ID, 
Direccion_ID, Estado_ID, creado_por, modificado_por, fecha_creacion, fecha_modificacion, accion)
VALUES(65, 'Javier', 'Hernández', TO_DATE('1990-02-20', 'YYYY-MM-DD'), 'javier.hernandez@example.com', 
'88909589', 2, 1, 1, NULL, NULL, NULL, NULL, NULL)

INTO FIDE_VOTANTES_TB (Votante_ID, Nombre, Apellido, Fecha_Nacimiento, Email, Telefono, Genero_ID, 
Direccion_ID, Estado_ID, creado_por, modificado_por, fecha_creacion, fecha_modificacion, accion)
VALUES(66, 'Sofía', 'López', TO_DATE('1993-08-14', 'YYYY-MM-DD'), 'sofia.lopez@example.com', 
'88910690', 1, 3, 1, NULL, NULL, NULL, NULL, NULL)

INTO FIDE_VOTANTES_TB (Votante_ID, Nombre, Apellido, Fecha_Nacimiento, Email, Telefono, Genero_ID, 
Direccion_ID, Estado_ID, creado_por, modificado_por, fecha_creacion, fecha_modificacion, accion)
VALUES(67, 'Rafael', 'Pérez', TO_DATE('1986-04-06', 'YYYY-MM-DD'), 'rafael.perez@example.com',
'88911701', 3, 2, 1, NULL, NULL, NULL, NULL, NULL)

INTO FIDE_VOTANTES_TB (Votante_ID, Nombre, Apellido, Fecha_Nacimiento, Email, Telefono, Genero_ID, 
Direccion_ID, Estado_ID, creado_por, modificado_por, fecha_creacion, fecha_modificacion, accion)
VALUES(68, 'Bea', 'González', TO_DATE('1987-05-23', 'YYYY-MM-DD'), 'bea.gonzalez@example.com', 
'88912812', 2, 1, 1, NULL, NULL, NULL, NULL, NULL)

INTO FIDE_VOTANTES_TB (Votante_ID, Nombre, Apellido, Fecha_Nacimiento, Email, Telefono, Genero_ID, 
Direccion_ID, Estado_ID, creado_por, modificado_por, fecha_creacion, fecha_modificacion, accion)
VALUES(69, 'Ricardo', 'Vázquez', TO_DATE('1990-11-19', 'YYYY-MM-DD'), 'ricardo.vazquez@example.com', 
'88913923', 1, 2, 1, NULL, NULL, NULL, NULL, NULL)

INTO FIDE_VOTANTES_TB (Votante_ID, Nombre, Apellido, Fecha_Nacimiento, Email, Telefono, Genero_ID, 
Direccion_ID, Estado_ID, creado_por, modificado_por, fecha_creacion, fecha_modificacion, accion)
VALUES(70, 'Mónica', 'Martín', TO_DATE('1989-12-02', 'YYYY-MM-DD'), 'monica.martin@example.com', 
'88915034', 2, 3, 1, NULL, NULL, NULL, NULL, NULL)

INTO FIDE_VOTANTES_TB (Votante_ID, Nombre, Apellido, Fecha_Nacimiento, Email, Telefono, Genero_ID, 
Direccion_ID, Estado_ID, creado_por, modificado_por, fecha_creacion, fecha_modificacion, accion)
VALUES(71, 'Antonio', 'Cordero', TO_DATE('1992-03-13', 'YYYY-MM-DD'), 'antonio.cordero@example.com',
'88916145', 1, 1, 1, NULL, NULL, NULL, NULL, NULL)

INTO FIDE_VOTANTES_TB (Votante_ID, Nombre, Apellido, Fecha_Nacimiento, Email, Telefono, Genero_ID, 
Direccion_ID, Estado_ID, creado_por, modificado_por, fecha_creacion, fecha_modificacion, accion)
VALUES(72, 'Esther', 'García', TO_DATE('1991-07-15', 'YYYY-MM-DD'), 'esther.garcia@example.com',
'88917256', 3, 2, 1, NULL, NULL, NULL, NULL, NULL)

INTO FIDE_VOTANTES_TB (Votante_ID, Nombre, Apellido, Fecha_Nacimiento, Email, Telefono, Genero_ID, 
Direccion_ID, Estado_ID, creado_por, modificado_por, fecha_creacion, fecha_modificacion, accion)
VALUES(73, 'Pedro', 'Martínez', TO_DATE('1988-06-28', 'YYYY-MM-DD'), 'pedro.martinez@example.com',
'88918367', 2, 1, 1, NULL, NULL, NULL, NULL, NULL)

INTO FIDE_VOTANTES_TB (Votante_ID, Nombre, Apellido, Fecha_Nacimiento, Email, Telefono, Genero_ID, 
Direccion_ID, Estado_ID, creado_por, modificado_por, fecha_creacion, fecha_modificacion, accion)
VALUES(74, 'Marina', 'López', TO_DATE('1990-05-19', 'YYYY-MM-DD'), 'marina.lopez@example.com',
'88919478', 1, 3, 1, NULL, NULL, NULL, NULL, NULL)

INTO FIDE_VOTANTES_TB (Votante_ID, Nombre, Apellido, Fecha_Nacimiento, Email, Telefono, Genero_ID, 
Direccion_ID, Estado_ID, creado_por, modificado_por, fecha_creacion, fecha_modificacion, accion)
VALUES(75, 'Alberto', 'Romero', TO_DATE('1986-02-14', 'YYYY-MM-DD'), 'alberto.romero@example.com', 
'88920589', 3, 2, 1, NULL, NULL, NULL, NULL, NULL)

INTO FIDE_VOTANTES_TB (Votante_ID, Nombre, Apellido, Fecha_Nacimiento, Email, Telefono, Genero_ID, 
Direccion_ID, Estado_ID, creado_por, modificado_por, fecha_creacion, fecha_modificacion, accion)
VALUES(76, 'Victoria', 'Gutiérrez', TO_DATE('1993-11-27', 'YYYY-MM-DD'), 'victoria.gutierrez@example.com', 
'88921690', 2, 1, 1, NULL, NULL, NULL, NULL, NULL)

INTO FIDE_VOTANTES_TB (Votante_ID, Nombre, Apellido, Fecha_Nacimiento, Email, Telefono, Genero_ID, 
Direccion_ID, Estado_ID, creado_por, modificado_por, fecha_creacion, fecha_modificacion, accion)
VALUES(77, 'Andrés', 'Vega', TO_DATE('1992-09-06', 'YYYY-MM-DD'), 'andres.vega@example.com', 
'88922701', 1, 2, 1, NULL, NULL, NULL, NULL, NULL)

INTO FIDE_VOTANTES_TB (Votante_ID, Nombre, Apellido, Fecha_Nacimiento, Email, Telefono, Genero_ID, 
Direccion_ID, Estado_ID, creado_por, modificado_por, fecha_creacion, fecha_modificacion, accion)
VALUES(78, 'Patricia', 'Fernández', TO_DATE('1985-10-15', 'YYYY-MM-DD'), 'patricia.fernandez@example.com', 
'88923812', 2, 3, 1, NULL, NULL, NULL, NULL, NULL)

INTO FIDE_VOTANTES_TB (Votante_ID, Nombre, Apellido, Fecha_Nacimiento, Email, Telefono, Genero_ID, 
Direccion_ID, Estado_ID, creado_por, modificado_por, fecha_creacion, fecha_modificacion, accion)
VALUES(79, 'Fabiola', 'Díaz', TO_DATE('1994-04-10', 'YYYY-MM-DD'), 'fabiola.diaz@example.com', 
'88924923', 1, 1, 1, NULL, NULL, NULL, NULL, NULL)

INTO FIDE_VOTANTES_TB (Votante_ID, Nombre, Apellido, Fecha_Nacimiento, Email, Telefono, Genero_ID, 
Direccion_ID, Estado_ID, creado_por, modificado_por, fecha_creacion, fecha_modificacion, accion)
VALUES(80, 'José', 'Jiménez', TO_DATE('1987-02-27', 'YYYY-MM-DD'), 'jose.jimenez@example.com', 
'88926034', 2, 2, 1, NULL, NULL, NULL, NULL, NULL)

-- Registros 81-100
INTO FIDE_VOTANTES_TB (Votante_ID, Nombre, Apellido, Fecha_Nacimiento, Email, Telefono, Genero_ID, 
Direccion_ID, Estado_ID, creado_por, modificado_por, fecha_creacion, fecha_modificacion, accion)
VALUES(81, 'Antonio', 'Ruiz', TO_DATE('1978-03-22', 'YYYY-MM-DD'), 'antonio.ruiz@example.com',
'88927145', 1, 1, 1, NULL, NULL, NULL, NULL, NULL)

INTO FIDE_VOTANTES_TB (Votante_ID, Nombre, Apellido, Fecha_Nacimiento, Email, Telefono, Genero_ID, 
Direccion_ID, Estado_ID, creado_por, modificado_por, fecha_creacion, fecha_modificacion, accion)
VALUES(82, 'Mercedes', 'López', TO_DATE('1953-07-11', 'YYYY-MM-DD'), 'mercedes.lopez@example.com',
'88928256', 2, 2, 1, NULL, NULL, NULL, NULL, NULL)

INTO FIDE_VOTANTES_TB (Votante_ID, Nombre, Apellido, Fecha_Nacimiento, Email, Telefono, Genero_ID, 
Direccion_ID, Estado_ID, creado_por, modificado_por, fecha_creacion, fecha_modificacion, accion)
VALUES(83, 'Ricardo', 'Castro', TO_DATE('1965-09-19', 'YYYY-MM-DD'), 'ricardo.castro@example.com',
'88929367', 3, 1, 1, NULL, NULL, NULL, NULL, NULL) 

INTO FIDE_VOTANTES_TB (Votante_ID, Nombre, Apellido, Fecha_Nacimiento, Email, Telefono, Genero_ID, 
Direccion_ID, Estado_ID, creado_por, modificado_por, fecha_creacion, fecha_modificacion, accion)
VALUES(84, 'Dolores', 'Ramírez', TO_DATE('1950-12-03', 'YYYY-MM-DD'), 'dolores.ramirez@example.com', 
'88930478', 2, 3, 1, NULL, NULL, NULL, NULL, NULL)

INTO FIDE_VOTANTES_TB (Votante_ID, Nombre, Apellido, Fecha_Nacimiento, Email, Telefono, Genero_ID, 
Direccion_ID, Estado_ID, creado_por, modificado_por, fecha_creacion, fecha_modificacion, accion)
VALUES(85, 'José', 'Gómez', TO_DATE('1972-04-26', 'YYYY-MM-DD'), 'jose.gomez@example.com', 
'88931589', 1, 2, 1, NULL, NULL, NULL, NULL, NULL)

INTO FIDE_VOTANTES_TB (Votante_ID, Nombre, Apellido, Fecha_Nacimiento, Email, Telefono, Genero_ID, 
Direccion_ID, Estado_ID, creado_por, modificado_por, fecha_creacion, fecha_modificacion, accion)
VALUES(86, 'Susana', 'González', TO_DATE('1968-06-10', 'YYYY-MM-DD'), 'susana.gonzalez@example.com', 
'88932690', 2, 1, 1, NULL, NULL, NULL, NULL, NULL)

INTO FIDE_VOTANTES_TB (Votante_ID, Nombre, Apellido, Fecha_Nacimiento, Email, Telefono, Genero_ID, 
Direccion_ID, Estado_ID, creado_por, modificado_por, fecha_creacion, fecha_modificacion, accion)
VALUES(87, 'Carlos', 'Álvarez', TO_DATE('1962-08-30', 'YYYY-MM-DD'), 'carlos.alvarez@example.com', 
'88933701', 3, 2, 1, NULL, NULL, NULL, NULL, NULL)

INTO FIDE_VOTANTES_TB (Votante_ID, Nombre, Apellido, Fecha_Nacimiento, Email, Telefono, Genero_ID, 
Direccion_ID, Estado_ID, creado_por, modificado_por, fecha_creacion, fecha_modificacion, accion)
VALUES(88, 'Alfonso', 'Martínez', TO_DATE('1981-01-14', 'YYYY-MM-DD'), 'alfonso.martinez@example.com', 
'88934812', 1, 3, 1, NULL, NULL, NULL, NULL, NULL)

INTO FIDE_VOTANTES_TB (Votante_ID, Nombre, Apellido, Fecha_Nacimiento, Email, Telefono, Genero_ID, 
Direccion_ID, Estado_ID, creado_por, modificado_por, fecha_creacion, fecha_modificacion, accion)
VALUES(89, 'Santiago', 'Hernández', TO_DATE('1975-10-07', 'YYYY-MM-DD'), 'santiago.hernandez@example.com',
'88935923', 2, 1, 1, NULL, NULL, NULL, NULL, NULL)

INTO FIDE_VOTANTES_TB (Votante_ID, Nombre, Apellido, Fecha_Nacimiento, Email, Telefono, Genero_ID, 
Direccion_ID, Estado_ID, creado_por, modificado_por, fecha_creacion, fecha_modificacion, accion)
VALUES(90, 'María', 'Carmona', TO_DATE('1989-02-15', 'YYYY-MM-DD'), 'maria.carmona@example.com', 
'88937034', 1, 2, 1, NULL, NULL, NULL, NULL, NULL)

INTO FIDE_VOTANTES_TB (Votante_ID, Nombre, Apellido, Fecha_Nacimiento, Email, Telefono, Genero_ID, 
Direccion_ID, Estado_ID, creado_por, modificado_por, fecha_creacion, fecha_modificacion, accion)
VALUES(91, 'Francisco', 'Sánchez', TO_DATE('1961-05-02', 'YYYY-MM-DD'), 'francisco.sanchez@example.com',
'88938145', 3, 3, 1, NULL, NULL, NULL, NULL, NULL)

INTO FIDE_VOTANTES_TB (Votante_ID, Nombre, Apellido, Fecha_Nacimiento, Email, Telefono, Genero_ID, 
Direccion_ID, Estado_ID, creado_por, modificado_por, fecha_creacion, fecha_modificacion, accion)
VALUES(92, 'Jesús', 'Jiménez', TO_DATE('1984-03-17', 'YYYY-MM-DD'), 'jesus.jimenez@example.com', 
'88939256', 2, 1, 1, NULL, NULL, NULL, NULL, NULL)

INTO FIDE_VOTANTES_TB (Votante_ID, Nombre, Apellido, Fecha_Nacimiento, Email, Telefono, Genero_ID, 
Direccion_ID, Estado_ID, creado_por, modificado_por, fecha_creacion, fecha_modificacion, accion)
VALUES(93, 'Rosa', 'Gutiérrez', TO_DATE('1979-11-09', 'YYYY-MM-DD'), 'rosa.gutierrez@example.com', 
'88940367', 1, 2, 1, NULL, NULL, NULL, NULL, NULL)

INTO FIDE_VOTANTES_TB (Votante_ID, Nombre, Apellido, Fecha_Nacimiento, Email, Telefono, Genero_ID, 
Direccion_ID, Estado_ID, creado_por, modificado_por, fecha_creacion, fecha_modificacion, accion)
VALUES(94, 'Jorge', 'Vázquez', TO_DATE('1956-06-30', 'YYYY-MM-DD'), 'jorge.vazquez@example.com', 
'88941478', 2, 3, 1, NULL, NULL, NULL, NULL, NULL)

INTO FIDE_VOTANTES_TB (Votante_ID, Nombre, Apellido, Fecha_Nacimiento, Email, Telefono, Genero_ID, 
Direccion_ID, Estado_ID, creado_por, modificado_por, fecha_creacion, fecha_modificacion, accion)
VALUES(95, 'Isabel', 'Fernández', TO_DATE('1993-09-25', 'YYYY-MM-DD'), 'isabel.fernandez@example.com', 
'88942589', 1, 1, 1, NULL, NULL, NULL, NULL, NULL)

INTO FIDE_VOTANTES_TB (Votante_ID, Nombre, Apellido, Fecha_Nacimiento, Email, Telefono, Genero_ID, 
Direccion_ID, Estado_ID, creado_por, modificado_por, fecha_creacion, fecha_modificacion, accion)
VALUES(96, 'Miguel', 'Navarro', TO_DATE('1986-07-13', 'YYYY-MM-DD'), 'miguel.navarro@example.com', 
'88943690', 3, 2, 1, NULL, NULL, NULL, NULL, NULL)

INTO FIDE_VOTANTES_TB (Votante_ID, Nombre, Apellido, Fecha_Nacimiento, Email, Telefono, Genero_ID, 
Direccion_ID, Estado_ID, creado_por, modificado_por, fecha_creacion, fecha_modificacion, accion)
VALUES(97, 'Sofía', 'Moreno', TO_DATE('1969-05-14', 'YYYY-MM-DD'), 'sofia.moreno@example.com',
'88944701', 2, 1, 1, NULL, NULL, NULL, NULL, NULL)

INTO FIDE_VOTANTES_TB (Votante_ID, Nombre, Apellido, Fecha_Nacimiento, Email, Telefono, Genero_ID, 
Direccion_ID, Estado_ID, creado_por, modificado_por, fecha_creacion, fecha_modificacion, accion)
VALUES(98, 'Antonio', 'Lozano', TO_DATE('1983-04-18', 'YYYY-MM-DD'), 'antonio.lozano@example.com', 
'88945812', 1, 3, 1, NULL, NULL, NULL, NULL, NULL)

INTO FIDE_VOTANTES_TB (Votante_ID, Nombre, Apellido, Fecha_Nacimiento, Email, Telefono, Genero_ID, 
Direccion_ID, Estado_ID, creado_por, modificado_por, fecha_creacion, fecha_modificacion, accion)
VALUES(99, 'Alicia', 'Méndez', TO_DATE('1990-11-30', 'YYYY-MM-DD'), 'alicia.mendez@example.com', 
'88946923', 2, 2, 1, NULL, NULL, NULL, NULL, NULL)

INTO FIDE_VOTANTES_TB (Votante_ID, Nombre, Apellido, Fecha_Nacimiento, Email, Telefono, Genero_ID, 
Direccion_ID, Estado_ID, creado_por, modificado_por, fecha_creacion, fecha_modificacion, accion)
VALUES(100, 'Eduardo', 'Rodríguez', TO_DATE('1980-09-04', 'YYYY-MM-DD'), 'eduardo.rodriguez@example.com', 
'88948034', 3, 1, 1, NULL, NULL, NULL, NULL, NULL)

-- Registros 101-120
INTO FIDE_VOTANTES_TB (Votante_ID, Nombre, Apellido, Fecha_Nacimiento, Email, Telefono, Genero_ID, 
Direccion_ID, Estado_ID, creado_por, modificado_por, fecha_creacion, fecha_modificacion, accion)
VALUES(101, 'Elena', 'Muñoz', TO_DATE('1973-02-21', 'YYYY-MM-DD'), 'elena.munoz@example.com', 
'88949145', 1, 2, 1, NULL, NULL, NULL, NULL, NULL)

INTO FIDE_VOTANTES_TB (Votante_ID, Nombre, Apellido, Fecha_Nacimiento, Email, Telefono, Genero_ID, 
Direccion_ID, Estado_ID, creado_por, modificado_por, fecha_creacion, fecha_modificacion, accion)
VALUES(102, 'Héctor', 'Blanco', TO_DATE('1964-11-02', 'YYYY-MM-DD'), 'hector.blanco@example.com', 
'88950256', 2, 3, 1, NULL, NULL, NULL, NULL, NULL)

INTO FIDE_VOTANTES_TB (Votante_ID, Nombre, Apellido, Fecha_Nacimiento, Email, Telefono, Genero_ID, 
Direccion_ID, Estado_ID, creado_por, modificado_por, fecha_creacion, fecha_modificacion, accion)
VALUES(103, 'Marta', 'Torres', TO_DATE('1992-06-28', 'YYYY-MM-DD'), 'marta.torres@example.com', 
'88951367', 1, 1, 1, NULL, NULL, NULL, NULL, NULL)

INTO FIDE_VOTANTES_TB (Votante_ID, Nombre, Apellido, Fecha_Nacimiento, Email, Telefono, Genero_ID, 
Direccion_ID, Estado_ID, creado_por, modificado_por, fecha_creacion, fecha_modificacion, accion)
VALUES(104, 'Roberto', 'Ortiz', TO_DATE('1971-08-25', 'YYYY-MM-DD'), 'roberto.ortiz@example.com', 
'88952478', 3, 2, 1, NULL, NULL, NULL, NULL, NULL)

INTO FIDE_VOTANTES_TB (Votante_ID, Nombre, Apellido, Fecha_Nacimiento, Email, Telefono, Genero_ID, 
Direccion_ID, Estado_ID, creado_por, modificado_por, fecha_creacion, fecha_modificacion, accion)
VALUES(105, 'Patricia', 'Vega', TO_DATE('1994-01-10', 'YYYY-MM-DD'), 'patricia.vega@example.com',
'88953589', 2, 1, 1, NULL, NULL, NULL, NULL, NULL)

INTO FIDE_VOTANTES_TB (Votante_ID, Nombre, Apellido, Fecha_Nacimiento, Email, Telefono, Genero_ID, 
Direccion_ID, Estado_ID, creado_por, modificado_por, fecha_creacion, fecha_modificacion, accion)
VALUES(106, 'Luis', 'Pérez', TO_DATE('1988-03-22', 'YYYY-MM-DD'), 'luis.perez@example.com', 
'88954690', 1, 3, 1, NULL, NULL, NULL, NULL, NULL)

INTO FIDE_VOTANTES_TB (Votante_ID, Nombre, Apellido, Fecha_Nacimiento, Email, Telefono, Genero_ID, 
Direccion_ID, Estado_ID, creado_por, modificado_por, fecha_creacion, fecha_modificacion, accion)
VALUES(107, 'José', 'Herrera', TO_DATE('1960-10-04', 'YYYY-MM-DD'), 'jose.herrera@example.com',
'88955701', 2, 2, 1, NULL, NULL, NULL, NULL, NULL)

INTO FIDE_VOTANTES_TB (Votante_ID, Nombre, Apellido, Fecha_Nacimiento, Email, Telefono, Genero_ID, 
Direccion_ID, Estado_ID, creado_por, modificado_por, fecha_creacion, fecha_modificacion, accion)
VALUES(108, 'Ana', 'Martínez', TO_DATE('1987-12-09', 'YYYY-MM-DD'), 'ana.martinez@example.com',
'88956812', 1, 1, 1, NULL, NULL, NULL, NULL, NULL)

INTO FIDE_VOTANTES_TB (Votante_ID, Nombre, Apellido, Fecha_Nacimiento, Email, Telefono, Genero_ID, 
Direccion_ID, Estado_ID, creado_por, modificado_por, fecha_creacion, fecha_modificacion, accion)
VALUES(109, 'Óscar', 'García', TO_DATE('1977-05-19', 'YYYY-MM-DD'), 'oscar.garcia@example.com', 
'88957923', 3, 3, 1, NULL, NULL, NULL, NULL, NULL)

INTO FIDE_VOTANTES_TB (Votante_ID, Nombre, Apellido, Fecha_Nacimiento, Email, Telefono, Genero_ID, 
Direccion_ID, Estado_ID, creado_por, modificado_por, fecha_creacion, fecha_modificacion, accion)
VALUES(110, 'Lucía', 'Morales', TO_DATE('1991-11-17', 'YYYY-MM-DD'), 'lucia.morales@example.com',
'88959034', 2, 1, 1, NULL, NULL, NULL, NULL, NULL)

INTO FIDE_VOTANTES_TB (Votante_ID, Nombre, Apellido, Fecha_Nacimiento, Email, Telefono, Genero_ID, 
Direccion_ID, Estado_ID, creado_por, modificado_por, fecha_creacion, fecha_modificacion, accion)
VALUES(111, 'Ricardo', 'Cabrera', TO_DATE('1984-12-13', 'YYYY-MM-DD'), 'ricardo.cabrera@example.com', 
'88960145', 1, 2, 1, NULL, NULL, NULL, NULL, NULL)

INTO FIDE_VOTANTES_TB (Votante_ID, Nombre, Apellido, Fecha_Nacimiento, Email, Telefono, Genero_ID, 
Direccion_ID, Estado_ID, creado_por, modificado_por, fecha_creacion, fecha_modificacion, accion)
VALUES(112, 'Ana', 'González', TO_DATE('1963-07-21', 'YYYY-MM-DD'), 'ana.gonzalez@example.com', 
'88961256', 2, 3, 1, NULL, NULL, NULL, NULL, NULL)

INTO FIDE_VOTANTES_TB (Votante_ID, Nombre, Apellido, Fecha_Nacimiento, Email, Telefono, Genero_ID, 
Direccion_ID, Estado_ID, creado_por, modificado_por, fecha_creacion, fecha_modificacion, accion)
VALUES(113, 'Manuel', 'Suárez', TO_DATE('1995-02-18', 'YYYY-MM-DD'), 'manuel.suarez@example.com',
'88962367', 1, 1, 1, NULL, NULL, NULL, NULL, NULL)

INTO FIDE_VOTANTES_TB (Votante_ID, Nombre, Apellido, Fecha_Nacimiento, Email, Telefono, Genero_ID, 
Direccion_ID, Estado_ID, creado_por, modificado_por, fecha_creacion, fecha_modificacion, accion)
VALUES(114, 'Santiago', 'Vargas', TO_DATE('1974-06-09', 'YYYY-MM-DD'), 'santiago.vargas@example.com', 
'88963478', 3, 2, 1, NULL, NULL, NULL, NULL, NULL)

INTO FIDE_VOTANTES_TB (Votante_ID, Nombre, Apellido, Fecha_Nacimiento, Email, Telefono, Genero_ID, 
Direccion_ID, Estado_ID, creado_por, modificado_por, fecha_creacion, fecha_modificacion, accion)
VALUES(115, 'Teresa', 'Jiménez', TO_DATE('1985-11-28', 'YYYY-MM-DD'), 'teresa.jimenez@example.com', 
'88964589', 2, 1, 1, NULL, NULL, NULL, NULL, NULL)

INTO FIDE_VOTANTES_TB (Votante_ID, Nombre, Apellido, Fecha_Nacimiento, Email, Telefono, Genero_ID, 
Direccion_ID, Estado_ID, creado_por, modificado_por, fecha_creacion, fecha_modificacion, accion)
VALUES(116, 'Antonio', 'Castro', TO_DATE('1992-09-13', 'YYYY-MM-DD'), 'antonio.castro@example.com', 
'88965690', 1, 3, 1, NULL, NULL, NULL, NULL, NULL)

INTO FIDE_VOTANTES_TB (Votante_ID, Nombre, Apellido, Fecha_Nacimiento, Email, Telefono, Genero_ID, 
Direccion_ID, Estado_ID, creado_por, modificado_por, fecha_creacion, fecha_modificacion, accion)
VALUES(117, 'Fátima', 'García', TO_DATE('1994-08-14', 'YYYY-MM-DD'), 'fatima.garcia@example.com',
'88966701', 2, 2, 1, NULL, NULL, NULL, NULL, NULL)

INTO FIDE_VOTANTES_TB (Votante_ID, Nombre, Apellido, Fecha_Nacimiento, Email, Telefono, Genero_ID, 
Direccion_ID, Estado_ID, creado_por, modificado_por, fecha_creacion, fecha_modificacion, accion)
VALUES(118, 'Cristina', 'Rodríguez', TO_DATE('1981-07-02', 'YYYY-MM-DD'), 'cristina.rodriguez@example.com',
'88967812', 1, 1, 1, NULL, NULL, NULL, NULL, NULL)

INTO FIDE_VOTANTES_TB (Votante_ID, Nombre, Apellido, Fecha_Nacimiento, Email, Telefono, Genero_ID, 
Direccion_ID, Estado_ID, creado_por, modificado_por, fecha_creacion, fecha_modificacion, accion)
VALUES(119, 'David', 'Torres', TO_DATE('1990-03-04', 'YYYY-MM-DD'), 'david.torres@example.com',
'88968923', 2, 3, 1, NULL, NULL, NULL, NULL, NULL)

INTO FIDE_VOTANTES_TB (Votante_ID, Nombre, Apellido, Fecha_Nacimiento, Email, Telefono, Genero_ID, 
Direccion_ID, Estado_ID, creado_por, modificado_por, fecha_creacion, fecha_modificacion, accion)
VALUES(120, 'Victoria', 'Ruiz', TO_DATE('1983-06-16', 'YYYY-MM-DD'), 'victoria.ruiz@example.com',
'88970034', 1, 2, 1, NULL, NULL, NULL, NULL, NULL)

-- Registros 121-140
INTO FIDE_VOTANTES_TB (Votante_ID, Nombre, Apellido, Fecha_Nacimiento, Email, Telefono, Genero_ID, 
Direccion_ID, Estado_ID, creado_por, modificado_por, fecha_creacion, fecha_modificacion, accion)
VALUES(121, 'Juan', 'Serrano', TO_DATE('1955-11-20', 'YYYY-MM-DD'), 'juan.serrano@example.com', 
'88971145', 2, 1, 1, NULL, NULL, NULL, NULL, NULL)

INTO FIDE_VOTANTES_TB (Votante_ID, Nombre, Apellido, Fecha_Nacimiento, Email, Telefono, Genero_ID, 
Direccion_ID, Estado_ID, creado_por, modificado_por, fecha_creacion, fecha_modificacion, accion)
VALUES(122, 'Teresa', 'Castro', TO_DATE('1948-02-17', 'YYYY-MM-DD'), 'teresa.castro@example.com', 
'88972256', 3, 2, 1, NULL, NULL, NULL, NULL, NULL)

INTO FIDE_VOTANTES_TB (Votante_ID, Nombre, Apellido, Fecha_Nacimiento, Email, Telefono, Genero_ID, 
Direccion_ID, Estado_ID, creado_por, modificado_por, fecha_creacion, fecha_modificacion, accion)
VALUES(123, 'Carlos', 'Vargas', TO_DATE('1953-03-30', 'YYYY-MM-DD'), 'carlos.vargas@example.com', 
'88973367', 1, 3, 1, NULL, NULL, NULL, NULL, NULL)

INTO FIDE_VOTANTES_TB (Votante_ID, Nombre, Apellido, Fecha_Nacimiento, Email, Telefono, Genero_ID, 
Direccion_ID, Estado_ID, creado_por, modificado_por, fecha_creacion, fecha_modificacion, accion)
VALUES(124, 'Lucía', 'Rodríguez', TO_DATE('1945-07-23', 'YYYY-MM-DD'), 'lucia.rodriguez@example.com',
'88974478', 2, 1, 1, NULL, NULL, NULL, NULL, NULL)

INTO FIDE_VOTANTES_TB (Votante_ID, Nombre, Apellido, Fecha_Nacimiento, Email, Telefono, Genero_ID, 
Direccion_ID, Estado_ID, creado_por, modificado_por, fecha_creacion, fecha_modificacion, accion)
VALUES(125, 'Miguel', 'López', TO_DATE('1950-01-04', 'YYYY-MM-DD'), 'miguel.lopez@example.com', 
'88975589', 3, 2, 1, NULL, NULL, NULL, NULL, NULL)

INTO FIDE_VOTANTES_TB (Votante_ID, Nombre, Apellido, Fecha_Nacimiento, Email, Telefono, Genero_ID, 
Direccion_ID, Estado_ID, creado_por, modificado_por, fecha_creacion, fecha_modificacion, accion)
VALUES(126, 'Eva', 'Ramírez', TO_DATE('1938-04-29', 'YYYY-MM-DD'), 'eva.ramirez@example.com', 
'88976690', 1, 1, 1, NULL, NULL, NULL, NULL, NULL)

INTO FIDE_VOTANTES_TB (Votante_ID, Nombre, Apellido, Fecha_Nacimiento, Email, Telefono, Genero_ID, 
Direccion_ID, Estado_ID, creado_por, modificado_por, fecha_creacion, fecha_modificacion, accion)
VALUES(127, 'José', 'Gutiérrez', TO_DATE('1942-08-15', 'YYYY-MM-DD'), 'jose.gutierrez@example.com', 
'88977701', 2, 3, 1, NULL, NULL, NULL, NULL, NULL)

INTO FIDE_VOTANTES_TB (Votante_ID, Nombre, Apellido, Fecha_Nacimiento, Email, Telefono, Genero_ID, 
Direccion_ID, Estado_ID, creado_por, modificado_por, fecha_creacion, fecha_modificacion, accion)
VALUES(128, 'María', 'Álvarez', TO_DATE('1949-09-03', 'YYYY-MM-DD'), 'maria.alvarez@example.com',
'88978812', 1, 2, 1, NULL, NULL, NULL, NULL, NULL)

INTO FIDE_VOTANTES_TB (Votante_ID, Nombre, Apellido, Fecha_Nacimiento, Email, Telefono, Genero_ID, 
Direccion_ID, Estado_ID, creado_por, modificado_por, fecha_creacion, fecha_modificacion, accion)
VALUES(129, 'Antonio', 'Martínez', TO_DATE('1957-06-11', 'YYYY-MM-DD'), 'antonio.martinez@example.com',
'88979923', 3, 1, 1, NULL, NULL, NULL, NULL, NULL)

INTO FIDE_VOTANTES_TB (Votante_ID, Nombre, Apellido, Fecha_Nacimiento, Email, Telefono, Genero_ID, 
Direccion_ID, Estado_ID, creado_por, modificado_por, fecha_creacion, fecha_modificacion, accion)
VALUES(130, 'Ana', 'Fernández', TO_DATE('1946-05-12', 'YYYY-MM-DD'), 'ana.fernandez@example.com',
'88981034', 2, 2, 1, NULL, NULL, NULL, NULL, NULL)

INTO FIDE_VOTANTES_TB (Votante_ID, Nombre, Apellido, Fecha_Nacimiento, Email, Telefono, Genero_ID, 
Direccion_ID, Estado_ID, creado_por, modificado_por, fecha_creacion, fecha_modificacion, accion)
VALUES(131, 'Carlos', 'García', TO_DATE('1951-03-25', 'YYYY-MM-DD'), 'carlos.garcia@example.com', 
'88982145', 1, 3, 1, NULL, NULL, NULL, NULL, NULL)

INTO FIDE_VOTANTES_TB (Votante_ID, Nombre, Apellido, Fecha_Nacimiento, Email, Telefono, Genero_ID, 
Direccion_ID, Estado_ID, creado_por, modificado_por, fecha_creacion, fecha_modificacion, accion)
VALUES(132, 'Marta', 'Jiménez', TO_DATE('1959-12-18', 'YYYY-MM-DD'), 'marta.jimenez@example.com', 
'88983256', 2, 1, 1, NULL, NULL, NULL, NULL, NULL)

INTO FIDE_VOTANTES_TB (Votante_ID, Nombre, Apellido, Fecha_Nacimiento, Email, Telefono, Genero_ID, 
Direccion_ID, Estado_ID, creado_por, modificado_por, fecha_creacion, fecha_modificacion, accion)
VALUES(133, 'Luis', 'Torres', TO_DATE('1950-07-05', 'YYYY-MM-DD'), 'luis.torres@example.com',
'88984367', 1, 2, 1, NULL, NULL, NULL, NULL, NULL)

INTO FIDE_VOTANTES_TB (Votante_ID, Nombre, Apellido, Fecha_Nacimiento, Email, Telefono, Genero_ID, 
Direccion_ID, Estado_ID, creado_por, modificado_por, fecha_creacion, fecha_modificacion, accion)
VALUES(134, 'Jesús', 'Moreno', TO_DATE('1940-11-11', 'YYYY-MM-DD'), 'jesus.moreno@example.com', 
'88985478', 3, 3, 1, NULL, NULL, NULL, NULL, NULL)

INTO FIDE_VOTANTES_TB (Votante_ID, Nombre, Apellido, Fecha_Nacimiento, Email, Telefono, Genero_ID, 
Direccion_ID, Estado_ID, creado_por, modificado_por, fecha_creacion, fecha_modificacion, accion)
VALUES(135, 'Beatriz', 'Vega', TO_DATE('1954-02-26', 'YYYY-MM-DD'), 'beatriz.vega@example.com', 
'88986589', 2, 1, 1, NULL, NULL, NULL, NULL, NULL)

INTO FIDE_VOTANTES_TB (Votante_ID, Nombre, Apellido, Fecha_Nacimiento, Email, Telefono, Genero_ID, 
Direccion_ID, Estado_ID, creado_por, modificado_por, fecha_creacion, fecha_modificacion, accion)
VALUES(136, 'Rosa', 'Hernández', TO_DATE('1952-06-19', 'YYYY-MM-DD'), 'rosa.hernandez@example.com', 
'88987690', 1, 3, 1, NULL, NULL, NULL, NULL, NULL)

INTO FIDE_VOTANTES_TB (Votante_ID, Nombre, Apellido, Fecha_Nacimiento, Email, Telefono, Genero_ID, 
Direccion_ID, Estado_ID, creado_por, modificado_por, fecha_creacion, fecha_modificacion, accion)
VALUES(137, 'Juan', 'Martínez', TO_DATE('1948-12-12', 'YYYY-MM-DD'), 'juan.martinez@example.com', 
'88988701', 2, 2, 1, NULL, NULL, NULL, NULL, NULL)

INTO FIDE_VOTANTES_TB (Votante_ID, Nombre, Apellido, Fecha_Nacimiento, Email, Telefono, Genero_ID, 
Direccion_ID, Estado_ID, creado_por, modificado_por, fecha_creacion, fecha_modificacion, accion)
VALUES(138, 'José', 'Gómez', TO_DATE('1956-04-14', 'YYYY-MM-DD'), 'jose.gomez@example.com', 
'88989812', 1, 1, 1, NULL, NULL, NULL, NULL, NULL)

INTO FIDE_VOTANTES_TB (Votante_ID, Nombre, Apellido, Fecha_Nacimiento, Email, Telefono, Genero_ID, 
Direccion_ID, Estado_ID, creado_por, modificado_por, fecha_creacion, fecha_modificacion, accion)
VALUES(139, 'Raquel', 'Sánchez', TO_DATE('1944-10-25', 'YYYY-MM-DD'), 'raquel.sanchez@example.com', 
'88990923', 2, 3, 1, NULL, NULL, NULL, NULL, NULL)

INTO FIDE_VOTANTES_TB (Votante_ID, Nombre, Apellido, Fecha_Nacimiento, Email, Telefono, Genero_ID, 
Direccion_ID, Estado_ID, creado_por, modificado_por, fecha_creacion, fecha_modificacion, accion)
VALUES(140, 'Antonio', 'Cabrera', TO_DATE('1958-05-01', 'YYYY-MM-DD'), 'antonio.cabrera@example.com', 
'88992034', 3, 2, 1, NULL, NULL, NULL, NULL, NULL)

-- Registros 141-160
INTO FIDE_VOTANTES_TB (Votante_ID, Nombre, Apellido, Fecha_Nacimiento, Email, Telefono, Genero_ID, 
Direccion_ID, Estado_ID, creado_por, modificado_por, fecha_creacion, fecha_modificacion, accion)
VALUES(141, 'Laura', 'Pérez', TO_DATE('2003-07-15', 'YYYY-MM-DD'), 'laura.perez@example.com', 
'88993145', 1, 2, 1, NULL, NULL, NULL, NULL, NULL)

INTO FIDE_VOTANTES_TB (Votante_ID, Nombre, Apellido, Fecha_Nacimiento, Email, Telefono, Genero_ID, 
Direccion_ID, Estado_ID, creado_por, modificado_por, fecha_creacion, fecha_modificacion, accion)
VALUES(142, 'Daniel', 'Ramírez', TO_DATE('2000-05-30', 'YYYY-MM-DD'), 'daniel.ramirez@example.com', 
'88994256', 2, 3, 1, NULL, NULL, NULL, NULL, NULL)

INTO FIDE_VOTANTES_TB (Votante_ID, Nombre, Apellido, Fecha_Nacimiento, Email, Telefono, Genero_ID, 
Direccion_ID, Estado_ID, creado_por, modificado_por, fecha_creacion, fecha_modificacion, accion)
VALUES(143, 'Valeria', 'Sánchez', TO_DATE('1999-10-09', 'YYYY-MM-DD'), 'valeria.sanchez@example.com', 
'88995367', 3, 1, 1, NULL, NULL, NULL, NULL, NULL)

INTO FIDE_VOTANTES_TB (Votante_ID, Nombre, Apellido, Fecha_Nacimiento, Email, Telefono, Genero_ID, 
Direccion_ID, Estado_ID, creado_por, modificado_por, fecha_creacion, fecha_modificacion, accion)
VALUES(144, 'Tomás', 'Torres', TO_DATE('2004-01-21', 'YYYY-MM-DD'), 'tomas.torres@example.com', 
'88996478', 1, 2, 1, NULL, NULL, NULL, NULL, NULL)

INTO FIDE_VOTANTES_TB (Votante_ID, Nombre, Apellido, Fecha_Nacimiento, Email, Telefono, Genero_ID, 
Direccion_ID, Estado_ID, creado_por, modificado_por, fecha_creacion, fecha_modificacion, accion)
VALUES(145, 'Paula', 'García', TO_DATE('1998-09-11', 'YYYY-MM-DD'), 'paula.garcia@example.com', 
'88997589', 2, 3, 1, NULL, NULL, NULL, NULL, NULL)

INTO FIDE_VOTANTES_TB (Votante_ID, Nombre, Apellido, Fecha_Nacimiento, Email, Telefono, Genero_ID, 
Direccion_ID, Estado_ID, creado_por, modificado_por, fecha_creacion, fecha_modificacion, accion)
VALUES(146, 'Mateo', 'Martínez', TO_DATE('2001-06-25', 'YYYY-MM-DD'), 'mateo.martinez@example.com', 
'88998690', 1, 1, 1, NULL, NULL, NULL, NULL, NULL)

INTO FIDE_VOTANTES_TB (Votante_ID, Nombre, Apellido, Fecha_Nacimiento, Email, Telefono, Genero_ID, 
Direccion_ID, Estado_ID, creado_por, modificado_por, fecha_creacion, fecha_modificacion, accion)
VALUES(147, 'Carmen', 'López', TO_DATE('2002-11-02', 'YYYY-MM-DD'), 'carmen.lopez@example.com', 
'88999701', 2, 2, 1, NULL, NULL, NULL, NULL, NULL)

INTO FIDE_VOTANTES_TB (Votante_ID, Nombre, Apellido, Fecha_Nacimiento, Email, Telefono, Genero_ID, 
Direccion_ID, Estado_ID, creado_por, modificado_por, fecha_creacion, fecha_modificacion, accion)
VALUES(148, 'Iván', 'Hernández', TO_DATE('1997-04-06', 'YYYY-MM-DD'), 'ivan.hernandez@example.com', 
'89000812', 3, 1, 1, NULL, NULL, NULL, NULL, NULL)

INTO FIDE_VOTANTES_TB (Votante_ID, Nombre, Apellido, Fecha_Nacimiento, Email, Telefono, Genero_ID, 
Direccion_ID, Estado_ID, creado_por, modificado_por, fecha_creacion, fecha_modificacion, accion)
VALUES(149, 'Lucía', 'González', TO_DATE('1996-08-19', 'YYYY-MM-DD'), 'lucia.gonzalez@example.com', 
'89001923', 1, 3, 1, NULL, NULL, NULL, NULL, NULL)

INTO FIDE_VOTANTES_TB (Votante_ID, Nombre, Apellido, Fecha_Nacimiento, Email, Telefono, Genero_ID, 
Direccion_ID, Estado_ID, creado_por, modificado_por, fecha_creacion, fecha_modificacion, accion)
VALUES(150, 'David', 'Suárez', TO_DATE('2005-02-13', 'YYYY-MM-DD'), 'david.suarez@example.com', 
'89003034', 2, 1, 1, NULL, NULL, NULL, NULL, NULL)

INTO FIDE_VOTANTES_TB (Votante_ID, Nombre, Apellido, Fecha_Nacimiento, Email, Telefono, Genero_ID, 
Direccion_ID, Estado_ID, creado_por, modificado_por, fecha_creacion, fecha_modificacion, accion)
VALUES(151, 'Javier', 'Blanco', TO_DATE('1999-01-10', 'YYYY-MM-DD'), 'javier.blanco@example.com', 
'89004145', 3, 2, 1, NULL, NULL, NULL, NULL, NULL)

INTO FIDE_VOTANTES_TB (Votante_ID, Nombre, Apellido, Fecha_Nacimiento, Email, Telefono, Genero_ID, 
Direccion_ID, Estado_ID, creado_por, modificado_por, fecha_creacion, fecha_modificacion, accion)
VALUES(152, 'Raúl', 'Vega', TO_DATE('2000-12-24', 'YYYY-MM-DD'), 'raul.vega@example.com', 
'89005256', 1, 2, 1, NULL, NULL, NULL, NULL, NULL)

INTO FIDE_VOTANTES_TB (Votante_ID, Nombre, Apellido, Fecha_Nacimiento, Email, Telefono, Genero_ID, 
Direccion_ID, Estado_ID, creado_por, modificado_por, fecha_creacion, fecha_modificacion, accion)
VALUES(153, 'Isabel', 'Jiménez', TO_DATE('2003-05-03', 'YYYY-MM-DD'), 'isabel.jimenez@example.com', 
'89006367', 2, 3, 1, NULL, NULL, NULL, NULL, NULL)

INTO FIDE_VOTANTES_TB (Votante_ID, Nombre, Apellido, Fecha_Nacimiento, Email, Telefono, Genero_ID, 
Direccion_ID, Estado_ID, creado_por, modificado_por, fecha_creacion, fecha_modificacion, accion)
VALUES(154, 'Alba', 'González', TO_DATE('2002-02-22', 'YYYY-MM-DD'), 'alba.gonzalez@example.com', 
'89007478', 1, 1, 1, NULL, NULL, NULL, NULL, NULL)

INTO FIDE_VOTANTES_TB (Votante_ID, Nombre, Apellido, Fecha_Nacimiento, Email, Telefono, Genero_ID, 
Direccion_ID, Estado_ID, creado_por, modificado_por, fecha_creacion, fecha_modificacion, accion)
VALUES(155, 'Óscar', 'Cabrera', TO_DATE('2004-09-12', 'YYYY-MM-DD'), 'oscar.cabrera@example.com', 
'89008589', 3, 2, 1, NULL, NULL, NULL, NULL, NULL)

INTO FIDE_VOTANTES_TB (Votante_ID, Nombre, Apellido, Fecha_Nacimiento, Email, Telefono, Genero_ID, 
Direccion_ID, Estado_ID, creado_por, modificado_por, fecha_creacion, fecha_modificacion, accion)
VALUES(156, 'Andrea', 'López', TO_DATE('1997-11-01', 'YYYY-MM-DD'), 'andrea.lopez@example.com', 
'89009690', 2, 1, 1, NULL, NULL, NULL, NULL, NULL)

INTO FIDE_VOTANTES_TB (Votante_ID, Nombre, Apellido, Fecha_Nacimiento, Email, Telefono, Genero_ID, 
Direccion_ID, Estado_ID, creado_por, modificado_por, fecha_creacion, fecha_modificacion, accion)
VALUES(157, 'Luis', 'Vázquez', TO_DATE('2001-08-14', 'YYYY-MM-DD'), 'luis.vazquez@example.com', 
'89010701', 1, 3, 1, NULL, NULL, NULL, NULL, NULL)

INTO FIDE_VOTANTES_TB (Votante_ID, Nombre, Apellido, Fecha_Nacimiento, Email, Telefono, Genero_ID, 
Direccion_ID, Estado_ID, creado_por, modificado_por, fecha_creacion, fecha_modificacion, accion)
VALUES(158, 'Martín', 'Pérez', TO_DATE('1998-04-04', 'YYYY-MM-DD'), 'martin.perez@example.com',
'89011812', 2, 2, 1, NULL, NULL, NULL, NULL, NULL)

INTO FIDE_VOTANTES_TB (Votante_ID, Nombre, Apellido, Fecha_Nacimiento, Email, Telefono, Genero_ID, 
Direccion_ID, Estado_ID, creado_por, modificado_por, fecha_creacion, fecha_modificacion, accion)
VALUES(159, 'Sofía', 'Gutiérrez', TO_DATE('2000-03-13', 'YYYY-MM-DD'), 'sofia.gutierrez@example.com', 
'89012923', 1, 1, 1, NULL, NULL, NULL, NULL, NULL)

INTO FIDE_VOTANTES_TB (Votante_ID, Nombre, Apellido, Fecha_Nacimiento, Email, Telefono, Genero_ID, 
Direccion_ID, Estado_ID, creado_por, modificado_por, fecha_creacion, fecha_modificacion, accion)
VALUES(160, 'Alfredo', 'Ramírez', TO_DATE('1999-07-07', 'YYYY-MM-DD'), 'alfredo.ramirez@example.com', 
'89014034', 3, 2, 1, NULL, NULL, NULL, NULL, NULL)

-- Registros 161-180
INTO FIDE_VOTANTES_TB (Votante_ID, Nombre, Apellido, Fecha_Nacimiento, Email, Telefono, Genero_ID, 
Direccion_ID, Estado_ID, creado_por, modificado_por, fecha_creacion, fecha_modificacion, accion)
VALUES(161, 'Elena', 'Suárez', TO_DATE('2003-04-02', 'YYYY-MM-DD'), 'elena.suarez@example.com', 
'89015145', 2, 1, 1, NULL, NULL, NULL, NULL, NULL)

INTO FIDE_VOTANTES_TB (Votante_ID, Nombre, Apellido, Fecha_Nacimiento, Email, Telefono, Genero_ID, 
Direccion_ID, Estado_ID, creado_por, modificado_por, fecha_creacion, fecha_modificacion, accion)
VALUES(162, 'Beatriz', 'Hernández', TO_DATE('2001-10-29', 'YYYY-MM-DD'), 'beatriz.hernandez@example.com', 
'89016256', 1, 2, 1, NULL, NULL, NULL, NULL, NULL)

INTO FIDE_VOTANTES_TB (Votante_ID, Nombre, Apellido, Fecha_Nacimiento, Email, Telefono, Genero_ID, 
Direccion_ID, Estado_ID, creado_por, modificado_por, fecha_creacion, fecha_modificacion, accion)
VALUES(163, 'Pedro', 'Castaño', TO_DATE('1997-06-13', 'YYYY-MM-DD'), 'pedro.castano@example.com', 
'89017367', 2, 3, 1, NULL, NULL, NULL, NULL, NULL)

INTO FIDE_VOTANTES_TB (Votante_ID, Nombre, Apellido, Fecha_Nacimiento, Email, Telefono, Genero_ID, 
Direccion_ID, Estado_ID, creado_por, modificado_por, fecha_creacion, fecha_modificacion, accion)
VALUES(164, 'Marcos', 'Torres', TO_DATE('1996-12-25', 'YYYY-MM-DD'), 'marcos.torres@example.com', 
'89018478', 1, 1, 1, NULL, NULL, NULL, NULL, NULL)

INTO FIDE_VOTANTES_TB (Votante_ID, Nombre, Apellido, Fecha_Nacimiento, Email, Telefono, Genero_ID, 
Direccion_ID, Estado_ID, creado_por, modificado_por, fecha_creacion, fecha_modificacion, accion)
VALUES(165, 'Paula', 'González', TO_DATE('2002-05-20', 'YYYY-MM-DD'), 'paula.gonzalez@example.com', 
'89019589', 3, 2, 1, NULL, NULL, NULL, NULL, NULL)

INTO FIDE_VOTANTES_TB (Votante_ID, Nombre, Apellido, Fecha_Nacimiento, Email, Telefono, Genero_ID, 
Direccion_ID, Estado_ID, creado_por, modificado_por, fecha_creacion, fecha_modificacion, accion)
VALUES(166, 'Raquel', 'Martínez', TO_DATE('2004-04-18', 'YYYY-MM-DD'), 'raquel.martinez@example.com',
'89020690', 1, 3, 1, NULL, NULL, NULL, NULL, NULL)

INTO FIDE_VOTANTES_TB (Votante_ID, Nombre, Apellido, Fecha_Nacimiento, Email, Telefono, Genero_ID, 
Direccion_ID, Estado_ID, creado_por, modificado_por, fecha_creacion, fecha_modificacion, accion)
VALUES(167, 'Iván', 'Suárez', TO_DATE('2005-07-06', 'YYYY-MM-DD'), 'ivan.suarez@example.com', 
'89021701', 2, 1, 1, NULL, NULL, NULL, NULL, NULL)

INTO FIDE_VOTANTES_TB (Votante_ID, Nombre, Apellido, Fecha_Nacimiento, Email, Telefono, Genero_ID, 
Direccion_ID, Estado_ID, creado_por, modificado_por, fecha_creacion, fecha_modificacion, accion)
VALUES(168, 'Celia', 'López', TO_DATE('2001-12-14', 'YYYY-MM-DD'), 'celia.lopez@example.com', 
'89022812', 3, 2, 1, NULL, NULL, NULL, NULL, NULL)

INTO FIDE_VOTANTES_TB (Votante_ID, Nombre, Apellido, Fecha_Nacimiento, Email, Telefono, Genero_ID, 
Direccion_ID, Estado_ID, creado_por, modificado_por, fecha_creacion, fecha_modificacion, accion)
VALUES(169, 'Nicolás', 'Pérez', TO_DATE('1999-09-19', 'YYYY-MM-DD'), 'nicolas.perez@example.com', 
'89023923', 1, 1, 1, NULL, NULL, NULL, NULL, NULL)

INTO FIDE_VOTANTES_TB (Votante_ID, Nombre, Apellido, Fecha_Nacimiento, Email, Telefono, Genero_ID, 
Direccion_ID, Estado_ID, creado_por, modificado_por, fecha_creacion, fecha_modificacion, accion)
VALUES(170, 'Paola', 'García', TO_DATE('2002-01-03', 'YYYY-MM-DD'), 'paola.garcia@example.com', 
'89025034', 2, 3, 1, NULL, NULL, NULL, NULL, NULL)

INTO FIDE_VOTANTES_TB (Votante_ID, Nombre, Apellido, Fecha_Nacimiento, Email, Telefono, Genero_ID, 
Direccion_ID, Estado_ID, creado_por, modificado_por, fecha_creacion, fecha_modificacion, accion)
VALUES(171, 'Claudia', 'Vega', TO_DATE('2005-11-22', 'YYYY-MM-DD'), 'claudia.vega@example.com', 
'89026145', 1, 2, 1, NULL, NULL, NULL, NULL, NULL)

INTO FIDE_VOTANTES_TB (Votante_ID, Nombre, Apellido, Fecha_Nacimiento, Email, Telefono, Genero_ID, 
Direccion_ID, Estado_ID, creado_por, modificado_por, fecha_creacion, fecha_modificacion, accion)
VALUES(172, 'Emilio', 'Torres', TO_DATE('2000-06-17', 'YYYY-MM-DD'), 'emilio.torres@example.com', 
'89027256', 3, 1, 1, NULL, NULL, NULL, NULL, NULL)

INTO FIDE_VOTANTES_TB (Votante_ID, Nombre, Apellido, Fecha_Nacimiento, Email, Telefono, Genero_ID, 
Direccion_ID, Estado_ID, creado_por, modificado_por, fecha_creacion, fecha_modificacion, accion)
VALUES(173, 'Mercedes', 'Hernández', TO_DATE('1997-05-09', 'YYYY-MM-DD'), 'mercedes.hernandez@example.com', 
'89028367', 2, 2, 1, NULL, NULL, NULL, NULL, NULL)

INTO FIDE_VOTANTES_TB (Votante_ID, Nombre, Apellido, Fecha_Nacimiento, Email, Telefono, Genero_ID, 
Direccion_ID, Estado_ID, creado_por, modificado_por, fecha_creacion, fecha_modificacion, accion)
VALUES(174, 'Raúl', 'Vázquez', TO_DATE('2003-02-12', 'YYYY-MM-DD'), 'raul.vazquez@example.com', 
'89029478', 1, 3, 1, NULL, NULL, NULL, NULL, NULL)

INTO FIDE_VOTANTES_TB (Votante_ID, Nombre, Apellido, Fecha_Nacimiento, Email, Telefono, Genero_ID, 
Direccion_ID, Estado_ID, creado_por, modificado_por, fecha_creacion, fecha_modificacion, accion)
VALUES(175, 'Lidia', 'Cabrera', TO_DATE('1998-10-23', 'YYYY-MM-DD'), 'lidia.cabrera@example.com', 
'89030589', 2, 1, 1, NULL, NULL, NULL, NULL, NULL)

INTO FIDE_VOTANTES_TB (Votante_ID, Nombre, Apellido, Fecha_Nacimiento, Email, Telefono, Genero_ID, 
Direccion_ID, Estado_ID, creado_por, modificado_por, fecha_creacion, fecha_modificacion, accion)
VALUES(176, 'Ángel', 'Gutiérrez', TO_DATE('2001-04-15', 'YYYY-MM-DD'), 'angel.gutierrez@example.com', 
'89031690', 3, 2, 1, NULL, NULL, NULL, NULL, NULL)

INTO FIDE_VOTANTES_TB (Votante_ID, Nombre, Apellido, Fecha_Nacimiento, Email, Telefono, Genero_ID, 
Direccion_ID, Estado_ID, creado_por, modificado_por, fecha_creacion, fecha_modificacion, accion)
VALUES(177, 'Andrea', 'Jiménez', TO_DATE('1996-11-09', 'YYYY-MM-DD'), 'andrea.jimenez@example.com', 
'89032701', 1, 1, 1, NULL, NULL, NULL, NULL, NULL)

INTO FIDE_VOTANTES_TB (Votante_ID, Nombre, Apellido, Fecha_Nacimiento, Email, Telefono, Genero_ID, 
Direccion_ID, Estado_ID, creado_por, modificado_por, fecha_creacion, fecha_modificacion, accion)
VALUES(178, 'Felipe', 'Sánchez', TO_DATE('2004-03-19', 'YYYY-MM-DD'), 'felipe.sanchez@example.com', 
'89033812', 2, 3, 1, NULL, NULL, NULL, NULL, NULL)

INTO FIDE_VOTANTES_TB (Votante_ID, Nombre, Apellido, Fecha_Nacimiento, Email, Telefono, Genero_ID, 
Direccion_ID, Estado_ID, creado_por, modificado_por, fecha_creacion, fecha_modificacion, accion)
VALUES(179, 'Cristina', 'Vega', TO_DATE('2002-06-30', 'YYYY-MM-DD'), 'cristina.vega@example.com',
'89034923', 1, 2, 1, NULL, NULL, NULL, NULL, NULL)

INTO FIDE_VOTANTES_TB (Votante_ID, Nombre, Apellido, Fecha_Nacimiento, Email, Telefono, Genero_ID, 
Direccion_ID, Estado_ID, creado_por, modificado_por, fecha_creacion, fecha_modificacion, accion)
VALUES(180, 'Alejandro', 'Herrera', TO_DATE('1990-01-01', 'YYYY-MM-DD'), 'alejandro.herrera@example.com',
'88881115', 1, 1, 1, NULL, NULL, NULL, NULL, NULL)

-- Registros 180-200
INTO FIDE_VOTANTES_TB (Votante_ID, Nombre, Apellido, Fecha_Nacimiento, Email, Telefono, Genero_ID, 
Direccion_ID, Estado_ID, creado_por, modificado_por, fecha_creacion, fecha_modificacion, accion)
VALUES(181, 'Isabel', 'Morales', TO_DATE('1986-02-02', 'YYYY-MM-DD'), 'isabel.morales@example.com', 
'88882226', 2, 2, 1, NULL, NULL, NULL, NULL, NULL)

INTO FIDE_VOTANTES_TB (Votante_ID, Nombre, Apellido, Fecha_Nacimiento, Email, Telefono, Genero_ID, 
Direccion_ID, Estado_ID, creado_por, modificado_por, fecha_creacion, fecha_modificacion, accion)
VALUES(182, 'Jorge', 'Gutiérrez', TO_DATE('1992-03-03', 'YYYY-MM-DD'), 'jorge.gutierrez@example.com', 
'88883337', 1, 3, 1, NULL, NULL, NULL, NULL, NULL)

INTO FIDE_VOTANTES_TB (Votante_ID, Nombre, Apellido, Fecha_Nacimiento, Email, Telefono, Genero_ID, 
Direccion_ID, Estado_ID, creado_por, modificado_por, fecha_creacion, fecha_modificacion, accion)
VALUES(183, 'Patricia', 'Díaz', TO_DATE('1987-04-04', 'YYYY-MM-DD'), 'patricia.diaz@example.com', 
'88884448', 2, 4, 1, NULL, NULL, NULL, NULL, NULL)

INTO FIDE_VOTANTES_TB (Votante_ID, Nombre, Apellido, Fecha_Nacimiento, Email, Telefono, Genero_ID, 
Direccion_ID, Estado_ID, creado_por, modificado_por, fecha_creacion, fecha_modificacion, accion)
VALUES(184, 'Ricardo', 'Méndez', TO_DATE('1993-05-05', 'YYYY-MM-DD'), 'ricardo.mendez@example.com',
'88885559', 1, 5, 1, NULL, NULL, NULL, NULL, NULL)

INTO FIDE_VOTANTES_TB (Votante_ID, Nombre, Apellido, Fecha_Nacimiento, Email, Telefono, Genero_ID, 
Direccion_ID, Estado_ID, creado_por, modificado_por, fecha_creacion, fecha_modificacion, accion)
VALUES(185, 'Lucía', 'Rojas', TO_DATE('1989-06-06', 'YYYY-MM-DD'), 'lucia.rojas@example.com', 
'88886670', 2, 6, 1, NULL, NULL, NULL, NULL, NULL)

INTO FIDE_VOTANTES_TB (Votante_ID, Nombre, Apellido, Fecha_Nacimiento, Email, Telefono, Genero_ID, 
Direccion_ID, Estado_ID, creado_por, modificado_por, fecha_creacion, fecha_modificacion, accion)
VALUES(186, 'Fernando', 'Castro', TO_DATE('1991-07-07', 'YYYY-MM-DD'), 'fernando.castro@example.com', 
'88887781', 1, 7, 1, NULL, NULL, NULL, NULL, NULL)

INTO FIDE_VOTANTES_TB (Votante_ID, Nombre, Apellido, Fecha_Nacimiento, Email, Telefono, Genero_ID, 
Direccion_ID, Estado_ID, creado_por, modificado_por, fecha_creacion, fecha_modificacion, accion)
VALUES(187, 'Gabriela', 'Romero', TO_DATE('1988-08-08', 'YYYY-MM-DD'), 'gabriela.romero@example.com', 
'88888892', 2, 8, 1, NULL, NULL, NULL, NULL, NULL)

INTO FIDE_VOTANTES_TB (Votante_ID, Nombre, Apellido, Fecha_Nacimiento, Email, Telefono, Genero_ID, 
Direccion_ID, Estado_ID, creado_por, modificado_por, fecha_creacion, fecha_modificacion, accion)
VALUES(188, 'Roberto', 'Alvarado', TO_DATE('1994-09-09', 'YYYY-MM-DD'), 'roberto.alvarado@example.com', 
'88889993', 1, 9, 1, NULL, NULL, NULL, NULL, NULL)

INTO FIDE_VOTANTES_TB (Votante_ID, Nombre, Apellido, Fecha_Nacimiento, Email, Telefono, Genero_ID, 
Direccion_ID, Estado_ID, creado_por, modificado_por, fecha_creacion, fecha_modificacion, accion)
VALUES(189, 'Mónica', 'Vega', TO_DATE('1990-10-10', 'YYYY-MM-DD'), 'monica.vega@example.com', 
'88880004', 2, 10, 1, NULL, NULL, NULL, NULL, NULL)

INTO FIDE_VOTANTES_TB (Votante_ID, Nombre, Apellido, Fecha_Nacimiento, Email, Telefono, Genero_ID, 
Direccion_ID, Estado_ID, creado_por, modificado_por, fecha_creacion, fecha_modificacion, accion)
VALUES(190, 'José', 'Navarro', TO_DATE('1985-11-11', 'YYYY-MM-DD'), 'jose.navarro@example.com', 
'88881116', 1, 11, 1, NULL, NULL, NULL, NULL, NULL)

INTO FIDE_VOTANTES_TB (Votante_ID, Nombre, Apellido, Fecha_Nacimiento, Email, Telefono, Genero_ID, 
Direccion_ID, Estado_ID, creado_por, modificado_por, fecha_creacion, fecha_modificacion, accion)
VALUES(191, 'Adriana', 'Molina', TO_DATE('1992-12-12', 'YYYY-MM-DD'), 'adriana.molina@example.com', 
'88882227', 2, 12, 1, NULL, NULL, NULL, NULL, NULL)

INTO FIDE_VOTANTES_TB (Votante_ID, Nombre, Apellido, Fecha_Nacimiento, Email, Telefono, Genero_ID, 
Direccion_ID, Estado_ID, creado_por, modificado_por, fecha_creacion, fecha_modificacion, accion)
VALUES(192, 'Miguel', 'Ríos', TO_DATE('1988-01-13', 'YYYY-MM-DD'), 'miguel.rios@example.com', 
'88883338', 1, 13, 1, NULL, NULL, NULL, NULL, NULL)

INTO FIDE_VOTANTES_TB (Votante_ID, Nombre, Apellido, Fecha_Nacimiento, Email, Telefono, Genero_ID, 
Direccion_ID, Estado_ID, creado_por, modificado_por, fecha_creacion, fecha_modificacion, accion)
VALUES(193, 'Verónica', 'Silva', TO_DATE('1993-02-14', 'YYYY-MM-DD'), 'veronica.silva@example.com', 
'88884449', 2, 14, 1, NULL, NULL, NULL, NULL, NULL)

INTO FIDE_VOTANTES_TB (Votante_ID, Nombre, Apellido, Fecha_Nacimiento, Email, Telefono, Genero_ID, 
Direccion_ID, Estado_ID, creado_por, modificado_por, fecha_creacion, fecha_modificacion, accion)
VALUES(194, 'Francisco', 'Campos', TO_DATE('1989-03-15', 'YYYY-MM-DD'), 'francisco.campos@example.com', 
'88885560', 1, 15, 1, NULL, NULL, NULL, NULL, NULL)

INTO FIDE_VOTANTES_TB (Votante_ID, Nombre, Apellido, Fecha_Nacimiento, Email, Telefono, Genero_ID, 
Direccion_ID, Estado_ID, creado_por, modificado_por, fecha_creacion, fecha_modificacion, accion)
VALUES(195, 'Daniela', 'Guerrero', TO_DATE('1995-04-16', 'YYYY-MM-DD'), 'daniela.guerrero@example.com', 
'88886671', 2, 16, 1, NULL, NULL, NULL, NULL, NULL)

INTO FIDE_VOTANTES_TB (Votante_ID, Nombre, Apellido, Fecha_Nacimiento, Email, Telefono, Genero_ID, 
Direccion_ID, Estado_ID, creado_por, modificado_por, fecha_creacion, fecha_modificacion, accion)
VALUES(196, 'Andrés', 'Vargas', TO_DATE('1991-05-17', 'YYYY-MM-DD'), 'andres.vargas@example.com',
'88887782', 1, 17, 1, NULL, NULL, NULL, NULL, NULL)

INTO FIDE_VOTANTES_TB (Votante_ID, Nombre, Apellido, Fecha_Nacimiento, Email, Telefono, Genero_ID, 
Direccion_ID, Estado_ID, creado_por, modificado_por, fecha_creacion, fecha_modificacion, accion)
VALUES(197, 'Sara', 'Cruz', TO_DATE('1987-06-18', 'YYYY-MM-DD'), 'sara.cruz@example.com', 
'88888893', 2, 18, 1, NULL, NULL, NULL, NULL, NULL)

INTO FIDE_VOTANTES_TB (Votante_ID, Nombre, Apellido, Fecha_Nacimiento, Email, Telefono, Genero_ID, 
Direccion_ID, Estado_ID, creado_por, modificado_por, fecha_creacion, fecha_modificacion, accion)
VALUES(198, 'Raúl', 'Ortiz', TO_DATE('1994-07-19', 'YYYY-MM-DD'), 'raul.ortiz@example.com', 
'88889994', 1, 19, 1, NULL, NULL, NULL, NULL, NULL)

INTO FIDE_VOTANTES_TB (Votante_ID, Nombre, Apellido, Fecha_Nacimiento, Email, Telefono, Genero_ID, 
Direccion_ID, Estado_ID, creado_por, modificado_por, fecha_creacion, fecha_modificacion, accion)
VALUES(199, 'Natalia', 'Flores', TO_DATE('1990-08-20', 'YYYY-MM-DD'), 'natalia.flores@example.com', 
'88880005', 2, 20, 1, NULL, NULL, NULL, NULL, NULL)

INTO FIDE_VOTANTES_TB (Votante_ID, Nombre, Apellido, Fecha_Nacimiento, Email, Telefono, Genero_ID, 
Direccion_ID, Estado_ID, creado_por, modificado_por, fecha_creacion, fecha_modificacion, accion)
VALUES(200, 'Eduardo', 'Soto', TO_DATE('1986-09-21', 'YYYY-MM-DD'), 'eduardo.soto@example.com', 
'88881117', 1, 1, 1, NULL, NULL, NULL, NULL, NULL)

SELECT 1 FROM DUAL;
/


-- Elección 1: Elecciones Presidenciales 2022
INSERT INTO FIDE_ELECCIONES_TB (Eleccion_ID, Nombre, Fecha_Inicio, Fecha_Fin, Descripcion, Estado_ID, creado_por, 
modificado_por, fecha_creacion, fecha_modificacion, accion)
VALUES (1, 'Elecciones Presidenciales 2022', TO_DATE('2022-02-06', 'YYYY-MM-DD'), TO_DATE('2022-02-06', 'YYYY-MM-DD'), 
'Elecciones para elegir al Presidente de la República', 1, NULL, NULL, NULL, NULL, NULL);
/


-- Partido 1: Partido Liberación Nacional (PLN)
INSERT INTO FIDE_PARTIDOS_TB (Partido_ID, Nombre, Siglas_Partido, Fecha_Fundacion, Estado_ID, creado_por, modificado_por, fecha_creacion, fecha_modificacion, accion)
VALUES (1, 'Partido Liberación Nacional', 'PLN', TO_DATE('1951-10-12', 'YYYY-MM-DD'), 1, NULL, NULL, NULL, NULL, NULL);

-- Partido 2: Partido Unidad Social Cristiana (PUSC)
INSERT INTO FIDE_PARTIDOS_TB (Partido_ID, Nombre, Siglas_Partido, Fecha_Fundacion, Estado_ID, creado_por, modificado_por, fecha_creacion, fecha_modificacion, accion)
VALUES (2, 'Partido Unidad Social Cristiana', 'PUSC', TO_DATE('1983-12-17', 'YYYY-MM-DD'), 1, NULL, NULL, NULL, NULL, NULL);

-- Partido 3: Partido Acción Ciudadana (PAC)
INSERT INTO FIDE_PARTIDOS_TB (Partido_ID, Nombre, Siglas_Partido, Fecha_Fundacion, Estado_ID, creado_por, modificado_por, fecha_creacion, fecha_modificacion, accion)
VALUES (3, 'Partido Acción Ciudadana', 'PAC', TO_DATE('2000-12-01', 'YYYY-MM-DD'), 1, NULL, NULL, NULL, NULL, NULL);

-- Partido 4: Partido Restauración Nacional (PRN)
INSERT INTO FIDE_PARTIDOS_TB (Partido_ID, Nombre, Siglas_Partido, Fecha_Fundacion, Estado_ID, creado_por, modificado_por, fecha_creacion, fecha_modificacion, accion)
VALUES (4, 'Partido Restauración Nacional', 'PRN', TO_DATE('2005-03-05', 'YYYY-MM-DD'), 1, NULL, NULL, NULL, NULL, NULL);

-- Partido 5: Partido Nueva República (PNR)
INSERT INTO FIDE_PARTIDOS_TB (Partido_ID, Nombre, Siglas_Partido, Fecha_Fundacion, Estado_ID, creado_por, modificado_por, fecha_creacion, fecha_modificacion, accion)
VALUES (5, 'Partido Nueva República', 'PNR', TO_DATE('2018-08-15', 'YYYY-MM-DD'), 1, NULL, NULL, NULL, NULL, NULL);
/


-- Candidato 1: Carlos Alvarado (PAC)
INSERT INTO FIDE_CANDIDATOS_TB (Candidato_ID, Nombre, Apellido, Partido_ID, Eleccion_ID, Estado_ID, creado_por, modificado_por, fecha_creacion, fecha_modificacion, accion)
VALUES (1, 'Carlos', 'Alvarado', 3, 1, 1, NULL, NULL, NULL, NULL, NULL);

-- Candidato 2: Fabricio Alvarado (PRN)
INSERT INTO FIDE_CANDIDATOS_TB (Candidato_ID, Nombre, Apellido, Partido_ID, Eleccion_ID, Estado_ID, creado_por, modificado_por, fecha_creacion, fecha_modificacion, accion)
VALUES (2, 'Fabricio', 'Alvarado', 4, 1, 1, NULL, NULL, NULL, NULL, NULL);

-- Candidato 3: José María Figueres (PLN)
INSERT INTO FIDE_CANDIDATOS_TB (Candidato_ID, Nombre, Apellido, Partido_ID, Eleccion_ID, Estado_ID, creado_por, modificado_por, fecha_creacion, fecha_modificacion, accion)
VALUES (3, 'José María', 'Figueres', 1, 1, 1, NULL, NULL, NULL, NULL, NULL);

-- Candidato 4: Lineth Saborío (PUSC)
INSERT INTO FIDE_CANDIDATOS_TB (Candidato_ID, Nombre, Apellido, Partido_ID, Eleccion_ID, Estado_ID, creado_por, modificado_por, fecha_creacion, fecha_modificacion, accion)
VALUES (4, 'Lineth', 'Saborío', 2, 1, 1, NULL, NULL, NULL, NULL, NULL);

-- Candidato 5: Eliécer Feinzaig (PNR)
INSERT INTO FIDE_CANDIDATOS_TB (Candidato_ID, Nombre, Apellido, Partido_ID, Eleccion_ID, Estado_ID, creado_por, modificado_por, fecha_creacion, fecha_modificacion, accion)
VALUES (5, 'Eliécer', 'Feinzaig', 5, 1, 1, NULL, NULL, NULL, NULL, NULL);
/


-- Rol 1: Administrador
INSERT INTO FIDE_ROLES_TB (Rol_ID, Nombre_Rol, creado_por, modificado_por, fecha_creacion, fecha_modificacion, accion)
VALUES (1, 'Administrador', NULL, NULL, NULL, NULL, NULL);

-- Rol 2: Auditor
INSERT INTO FIDE_ROLES_TB (Rol_ID, Nombre_Rol, creado_por, modificado_por, fecha_creacion, fecha_modificacion, accion)
VALUES (2, 'Auditor', NULL, NULL, NULL, NULL, NULL);

-- Rol 3: Votante
INSERT INTO FIDE_ROLES_TB (Rol_ID, Nombre_Rol, creado_por, modificado_por, fecha_creacion, fecha_modificacion, accion)
VALUES (3, 'Votante', NULL, NULL, NULL, NULL, NULL);
/


-- Usuario 1: Administrador
INSERT INTO FIDE_USUARIOS_TB (Usuario_ID, User_name, Password, Email, Rol_ID, Estado_ID, creado_por, modificado_por, fecha_creacion, fecha_modificacion, accion)
VALUES (1, 'admin', 'admin123', 'admin@example.com', 1, 1, NULL, NULL, NULL, NULL, NULL);

-- Usuario 2: Auditor
INSERT INTO FIDE_USUARIOS_TB (Usuario_ID, User_name, Password, Email, Rol_ID, Estado_ID, creado_por, modificado_por, fecha_creacion, fecha_modificacion, accion)
VALUES (2, 'auditor', 'auditor123', 'auditor@example.com', 2, 1, NULL, NULL, NULL, NULL, NULL);

-- Usuario 3: Votante 1
INSERT INTO FIDE_USUARIOS_TB (Usuario_ID, User_name, Password, Email, Rol_ID, Estado_ID, creado_por, modificado_por, fecha_creacion, fecha_modificacion, accion)
VALUES (3, 'votante1', 'votante123', 'votante1@example.com', 3, 1, NULL, NULL, NULL, NULL, NULL);

-- Usuario 4: Votante 2
INSERT INTO FIDE_USUARIOS_TB (Usuario_ID, User_name, Password, Email, Rol_ID, Estado_ID, creado_por, modificado_por, fecha_creacion, fecha_modificacion, accion)
VALUES (4, 'votante2', 'votante123', 'votante2@example.com', 3, 1, NULL, NULL, NULL, NULL, NULL);

-- Usuario 5: Votante 3
INSERT INTO FIDE_USUARIOS_TB (Usuario_ID, User_name, Password, Email, Rol_ID, Estado_ID, creado_por, modificado_por, fecha_creacion, fecha_modificacion, accion)
VALUES (5, 'votante3', 'votante123', 'votante3@example.com', 3, 1, NULL, NULL, NULL, NULL, NULL);
/


-- Auditor 1
INSERT INTO FIDE_AUDITORES_TB (Auditor_ID, Nombre, Apellido, Email, Telefono, creado_por, modificado_por, fecha_creacion, fecha_modificacion, accion)
VALUES (1, 'Juan', 'Pérez', 'juan.perez@example.com', '88881111', NULL, NULL, NULL, NULL, NULL);

-- Auditor 2
INSERT INTO FIDE_AUDITORES_TB (Auditor_ID, Nombre, Apellido, Email, Telefono, creado_por, modificado_por, fecha_creacion, fecha_modificacion, accion)
VALUES (2, 'María', 'Gómez', 'maria.gomez@example.com', '88882222', NULL, NULL, NULL, NULL, NULL);

-- Auditor 3
INSERT INTO FIDE_AUDITORES_TB (Auditor_ID, Nombre, Apellido, Email, Telefono, creado_por, modificado_por, fecha_creacion, fecha_modificacion, accion)
VALUES (3, 'Carlos', 'López', 'carlos.lopez@example.com', '88883333', NULL, NULL, NULL, NULL, NULL);
/


-- Auditoría 1: Realizada por Juan Pérez
INSERT INTO FIDE_AUDITORIAS_TB (Auditoria_ID, Eleccion_ID, Auditor_ID, Fecha_Auditoria, Resultado, creado_por, modificado_por, fecha_creacion, fecha_modificacion, accion)
VALUES (1, 1, 1, TO_DATE('2022-02-07', 'YYYY-MM-DD'), 'Auditoría completada sin observaciones', NULL, NULL, NULL, NULL, NULL);

-- Auditoría 2: Realizada por María Gómez
INSERT INTO FIDE_AUDITORIAS_TB (Auditoria_ID, Eleccion_ID, Auditor_ID, Fecha_Auditoria, Resultado, creado_por, modificado_por, fecha_creacion, fecha_modificacion, accion)
VALUES (2, 1, 2, TO_DATE('2022-02-08', 'YYYY-MM-DD'), 'Auditoría completada con observaciones menores', NULL, NULL, NULL, NULL, NULL);

-- Auditoría 3: Realizada por Carlos López
INSERT INTO FIDE_AUDITORIAS_TB (Auditoria_ID, Eleccion_ID, Auditor_ID, Fecha_Auditoria, Resultado, creado_por, modificado_por, fecha_creacion, fecha_modificacion, accion)
VALUES (3, 1, 3, TO_DATE('2022-02-09', 'YYYY-MM-DD'), 'Auditoría completada sin observaciones', NULL, NULL, NULL, NULL, NULL);
/


-- Sede 1: Sede Central, San José
INSERT INTO FIDE_SEDES_TB (Sede_ID, Nombre, Direccion_ID, creado_por, modificado_por, fecha_creacion, fecha_modificacion, accion)
VALUES (1, 'Sede Central', 1, NULL, NULL, NULL, NULL, NULL);

-- Sede 2: Sede Alajuela Centro
INSERT INTO FIDE_SEDES_TB (Sede_ID, Nombre, Direccion_ID, creado_por, modificado_por, fecha_creacion, fecha_modificacion, accion)
VALUES (2, 'Sede Alajuela Centro', 2, NULL, NULL, NULL, NULL, NULL);

-- Sede 3: Sede Cartago Central
INSERT INTO FIDE_SEDES_TB (Sede_ID, Nombre, Direccion_ID, creado_por, modificado_por, fecha_creacion, fecha_modificacion, accion)
VALUES (3, 'Sede Cartago Central', 3, NULL, NULL, NULL, NULL, NULL);

-- Sede 4: Sede Heredia Centro
INSERT INTO FIDE_SEDES_TB (Sede_ID, Nombre, Direccion_ID, creado_por, modificado_por, fecha_creacion, fecha_modificacion, accion)
VALUES (4, 'Sede Heredia Centro', 4, NULL, NULL, NULL, NULL, NULL);

-- Sede 5: Sede Liberia Centro
INSERT INTO FIDE_SEDES_TB (Sede_ID, Nombre, Direccion_ID, creado_por, modificado_por, fecha_creacion, fecha_modificacion, accion)
VALUES (5, 'Sede Liberia Centro', 5, NULL, NULL, NULL, NULL, NULL);
/



INSERT INTO FIDE_VOTOS_TB (Voto_ID, Votante_ID, Eleccion_ID, Candidato_ID, Fecha_Voto, Detalle_Voto, creado_por, modificado_por, fecha_creacion, fecha_modificacion, accion)
VALUES (1, 1, 1, 1, TO_DATE('2022-02-06', 'YYYY-MM-DD'), 'Voto emitido en la Sede Central', NULL, NULL, NULL, NULL, NULL);

INSERT INTO FIDE_VOTOS_TB (Voto_ID, Votante_ID, Eleccion_ID, Candidato_ID, Fecha_Voto, Detalle_Voto, creado_por, modificado_por, fecha_creacion, fecha_modificacion, accion)
VALUES (2, 2, 1, 2, TO_DATE('2022-02-06', 'YYYY-MM-DD'), 'Voto emitido en la Sede Alajuela Centro', NULL, NULL, NULL, NULL, NULL);

INSERT INTO FIDE_VOTOS_TB (Voto_ID, Votante_ID, Eleccion_ID, Candidato_ID, Fecha_Voto, Detalle_Voto, creado_por, modificado_por, fecha_creacion, fecha_modificacion, accion)
VALUES (3, 3, 1, 3, TO_DATE('2022-02-06', 'YYYY-MM-DD'), 'Voto emitido en la Sede Cartago Central', NULL, NULL, NULL, NULL, NULL);

INSERT INTO FIDE_VOTOS_TB (Voto_ID, Votante_ID, Eleccion_ID, Candidato_ID, Fecha_Voto, Detalle_Voto, creado_por, modificado_por, fecha_creacion, fecha_modificacion, accion)
VALUES (4, 4, 1, 4, TO_DATE('2022-02-06', 'YYYY-MM-DD'), 'Voto emitido en la Sede Heredia Centro', NULL, NULL, NULL, NULL, NULL);

INSERT INTO FIDE_VOTOS_TB (Voto_ID, Votante_ID, Eleccion_ID, Candidato_ID, Fecha_Voto, Detalle_Voto, creado_por, modificado_por, fecha_creacion, fecha_modificacion, accion)
VALUES (5, 5, 1, 5, TO_DATE('2022-02-06', 'YYYY-MM-DD'), 'Voto emitido en la Sede Liberia Centro', NULL, NULL, NULL, NULL, NULL);

INSERT INTO FIDE_VOTOS_TB (Voto_ID, Votante_ID, Eleccion_ID, Candidato_ID, Fecha_Voto, Detalle_Voto, creado_por, modificado_por, fecha_creacion, fecha_modificacion, accion)
VALUES(6, 6, 1, 1, TO_DATE('2022-02-06', 'YYYY-MM-DD'), 'Voto emitido en la Sede Central', NULL, NULL, NULL, NULL, NULL),

INSERT INTO FIDE_VOTOS_TB (Voto_ID, Votante_ID, Eleccion_ID, Candidato_ID, Fecha_Voto, Detalle_Voto, creado_por, modificado_por, fecha_creacion, fecha_modificacion, accion)
VALUES(7, 7, 1, 2, TO_DATE('2022-02-06', 'YYYY-MM-DD'), 'Voto emitido en la Sede Alajuela Centro', NULL, NULL, NULL, NULL, NULL),

INSERT INTO FIDE_VOTOS_TB (Voto_ID, Votante_ID, Eleccion_ID, Candidato_ID, Fecha_Voto, Detalle_Voto, creado_por, modificado_por, fecha_creacion, fecha_modificacion, accion)
VALUES(8, 8, 1, 3, TO_DATE('2022-02-06', 'YYYY-MM-DD'), 'Voto emitido en la Sede Cartago Central', NULL, NULL, NULL, NULL, NULL),

INSERT INTO FIDE_VOTOS_TB (Voto_ID, Votante_ID, Eleccion_ID, Candidato_ID, Fecha_Voto, Detalle_Voto, creado_por, modificado_por, fecha_creacion, fecha_modificacion, accion)
VALUES(9, 9, 1, 4, TO_DATE('2022-02-06', 'YYYY-MM-DD'), 'Voto emitido en la Sede Heredia Centro', NULL, NULL, NULL, NULL, NULL),

INSERT INTO FIDE_VOTOS_TB (Voto_ID, Votante_ID, Eleccion_ID, Candidato_ID, Fecha_Voto, Detalle_Voto, creado_por, modificado_por, fecha_creacion, fecha_modificacion, accion)
VALUES(10, 10, 1, 5, TO_DATE('2022-02-06', 'YYYY-MM-DD'), 'Voto emitido en la Sede Liberia Centro', NULL, NULL, NULL, NULL, NULL),

INSERT INTO FIDE_VOTOS_TB (Voto_ID, Votante_ID, Eleccion_ID, Candidato_ID, Fecha_Voto, Detalle_Voto, creado_por, modificado_por, fecha_creacion, fecha_modificacion, accion)
VALUES(11, 11, 1, 1, TO_DATE('2022-02-06', 'YYYY-MM-DD'), 'Voto emitido en la Sede Central', NULL, NULL, NULL, NULL, NULL),

INSERT INTO FIDE_VOTOS_TB (Voto_ID, Votante_ID, Eleccion_ID, Candidato_ID, Fecha_Voto, Detalle_Voto, creado_por, modificado_por, fecha_creacion, fecha_modificacion, accion)
VALUES(12, 12, 1, 2, TO_DATE('2022-02-06', 'YYYY-MM-DD'), 'Voto emitido en la Sede Alajuela Centro', NULL, NULL, NULL, NULL, NULL),

INSERT INTO FIDE_VOTOS_TB (Voto_ID, Votante_ID, Eleccion_ID, Candidato_ID, Fecha_Voto, Detalle_Voto, creado_por, modificado_por, fecha_creacion, fecha_modificacion, accion)
VALUES(13, 13, 1, 3, TO_DATE('2022-02-06', 'YYYY-MM-DD'), 'Voto emitido en la Sede Cartago Central', NULL, NULL, NULL, NULL, NULL),

INSERT INTO FIDE_VOTOS_TB (Voto_ID, Votante_ID, Eleccion_ID, Candidato_ID, Fecha_Voto, Detalle_Voto, creado_por, modificado_por, fecha_creacion, fecha_modificacion, accion)
VALUES(14, 14, 1, 4, TO_DATE('2022-02-06', 'YYYY-MM-DD'), 'Voto emitido en la Sede Heredia Centro', NULL, NULL, NULL, NULL, NULL),

INSERT INTO FIDE_VOTOS_TB (Voto_ID, Votante_ID, Eleccion_ID, Candidato_ID, Fecha_Voto, Detalle_Voto, creado_por, modificado_por, fecha_creacion, fecha_modificacion, accion)
VALUES(15, 15, 1, 5, TO_DATE('2022-02-06', 'YYYY-MM-DD'), 'Voto emitido en la Sede Liberia Centro', NULL, NULL, NULL, NULL, NULL),

INSERT INTO FIDE_VOTOS_TB (Voto_ID, Votante_ID, Eleccion_ID, Candidato_ID, Fecha_Voto, Detalle_Voto, creado_por, modificado_por, fecha_creacion, fecha_modificacion, accion)
VALUES(16, 16, 1, 1, TO_DATE('2022-02-06', 'YYYY-MM-DD'), 'Voto emitido en la Sede Central', NULL, NULL, NULL, NULL, NULL),

INSERT INTO FIDE_VOTOS_TB (Voto_ID, Votante_ID, Eleccion_ID, Candidato_ID, Fecha_Voto, Detalle_Voto, creado_por, modificado_por, fecha_creacion, fecha_modificacion, accion)
VALUES(17, 17, 1, 2, TO_DATE('2022-02-06', 'YYYY-MM-DD'), 'Voto emitido en la Sede Alajuela Centro', NULL, NULL, NULL, NULL, NULL),

INSERT INTO FIDE_VOTOS_TB (Voto_ID, Votante_ID, Eleccion_ID, Candidato_ID, Fecha_Voto, Detalle_Voto, creado_por, modificado_por, fecha_creacion, fecha_modificacion, accion)
VALUES(18, 18, 1, 3, TO_DATE('2022-02-06', 'YYYY-MM-DD'), 'Voto emitido en la Sede Cartago Central', NULL, NULL, NULL, NULL, NULL),

INSERT INTO FIDE_VOTOS_TB (Voto_ID, Votante_ID, Eleccion_ID, Candidato_ID, Fecha_Voto, Detalle_Voto, creado_por, modificado_por, fecha_creacion, fecha_modificacion, accion)
VALUES(19, 19, 1, 4, TO_DATE('2022-02-06', 'YYYY-MM-DD'), 'Voto emitido en la Sede Heredia Centro', NULL, NULL, NULL, NULL, NULL),

INSERT INTO FIDE_VOTOS_TB (Voto_ID, Votante_ID, Eleccion_ID, Candidato_ID, Fecha_Voto, Detalle_Voto, creado_por, modificado_por, fecha_creacion, fecha_modificacion, accion)
VALUES(20, 20, 1, 5, TO_DATE('2022-02-06', 'YYYY-MM-DD'), 'Voto emitido en la Sede Liberia Centro', NULL, NULL, NULL, NULL, NULL);
/


-- Mesa 1: Sede Central
INSERT INTO FIDE_MESAS_VOTO_TB (Mesa_Voto_ID, Eleccion_ID, Votante_ID, Estado_ID, creado_por, modificado_por, fecha_creacion, fecha_modificacion, accion)
VALUES (1, 1, 1, 1, NULL, NULL, NULL, NULL, NULL);

-- Mesa 2: Sede Alajuela Centro
INSERT INTO FIDE_MESAS_VOTO_TB (Mesa_Voto_ID, Eleccion_ID, Votante_ID, Estado_ID, creado_por, modificado_por, fecha_creacion, fecha_modificacion, accion)
VALUES (2, 1, 2, 1, NULL, NULL, NULL, NULL, NULL);

-- Mesa 3: Sede Cartago Central
INSERT INTO FIDE_MESAS_VOTO_TB (Mesa_Voto_ID, Eleccion_ID, Votante_ID, Estado_ID, creado_por, modificado_por, fecha_creacion, fecha_modificacion, accion)
VALUES (3, 1, 3, 1, NULL, NULL, NULL, NULL, NULL);

-- Mesa 4: Sede Heredia Centro
INSERT INTO FIDE_MESAS_VOTO_TB (Mesa_Voto_ID, Eleccion_ID, Votante_ID, Estado_ID, creado_por, modificado_por, fecha_creacion, fecha_modificacion, accion)
VALUES (4, 1, 4, 1, NULL, NULL, NULL, NULL, NULL);

-- Mesa 5: Sede Liberia Centro
INSERT INTO FIDE_MESAS_VOTO_TB (Mesa_Voto_ID, Eleccion_ID, Votante_ID, Estado_ID, creado_por, modificado_por, fecha_creacion, fecha_modificacion, accion)
VALUES (5, 1, 5, 1, NULL, NULL, NULL, NULL, NULL);

-- Mesa 6: Sede Central
INSERT INTO FIDE_MESAS_VOTO_TB (Mesa_Voto_ID, Eleccion_ID, Votante_ID, Estado_ID, creado_por, modificado_por, fecha_creacion, fecha_modificacion, accion)
VALUES (6, 1, 6, 1, NULL, NULL, NULL, NULL, NULL);

-- Mesa 7: Sede Alajuela Centro
INSERT INTO FIDE_MESAS_VOTO_TB (Mesa_Voto_ID, Eleccion_ID, Votante_ID, Estado_ID, creado_por, modificado_por, fecha_creacion, fecha_modificacion, accion)
VALUES (7, 1, 7, 1, NULL, NULL, NULL, NULL, NULL);

-- Mesa 8: Sede Cartago Central
INSERT INTO FIDE_MESAS_VOTO_TB (Mesa_Voto_ID, Eleccion_ID, Votante_ID, Estado_ID, creado_por, modificado_por, fecha_creacion, fecha_modificacion, accion)
VALUES (8, 1, 8, 1, NULL, NULL, NULL, NULL, NULL);

-- Mesa 9: Sede Heredia Centro
INSERT INTO FIDE_MESAS_VOTO_TB (Mesa_Voto_ID, Eleccion_ID, Votante_ID, Estado_ID, creado_por, modificado_por, fecha_creacion, fecha_modificacion, accion)
VALUES (9, 1, 9, 1, NULL, NULL, NULL, NULL, NULL);

-- Mesa 10: Sede Liberia Centro
INSERT INTO FIDE_MESAS_VOTO_TB (Mesa_Voto_ID, Eleccion_ID, Votante_ID, Estado_ID, creado_por, modificado_por, fecha_creacion, fecha_modificacion, accion)
VALUES (10, 1, 10, 1, NULL, NULL, NULL, NULL, NULL);
/


-- Credencial 1: Juan Pérez (Votante_ID: 1)
INSERT INTO FIDE_CREDENCIALES_TB (Credencial_ID, Votante_ID, Eleccion_ID, Codigo, FechaEmision, creado_por, modificado_por, fecha_creacion, fecha_modificacion, accion)
VALUES (1, 1, 1, 'CRED123456', TO_DATE('2022-01-01', 'YYYY-MM-DD'), NULL, NULL, NULL, NULL, NULL);

-- Credencial 2: María Gómez (Votante_ID: 2)
INSERT INTO FIDE_CREDENCIALES_TB (Credencial_ID, Votante_ID, Eleccion_ID, Codigo, FechaEmision, creado_por, modificado_por, fecha_creacion, fecha_modificacion, accion)
VALUES (2, 2, 1, 'CRED654321', TO_DATE('2022-01-01', 'YYYY-MM-DD'), NULL, NULL, NULL, NULL, NULL);

-- Credencial 3: Carlos López (Votante_ID: 3)
INSERT INTO FIDE_CREDENCIALES_TB (Credencial_ID, Votante_ID, Eleccion_ID, Codigo, FechaEmision, creado_por, modificado_por, fecha_creacion, fecha_modificacion, accion)
VALUES (3, 3, 1, 'CRED987654', TO_DATE('2022-01-01', 'YYYY-MM-DD'), NULL, NULL, NULL, NULL, NULL);

-- Credencial 4: Ana Rodríguez (Votante_ID: 4)
INSERT INTO FIDE_CREDENCIALES_TB (Credencial_ID, Votante_ID, Eleccion_ID, Codigo, FechaEmision, creado_por, modificado_por, fecha_creacion, fecha_modificacion, accion)
VALUES (4, 4, 1, 'CRED456789', TO_DATE('2022-01-01', 'YYYY-MM-DD'), NULL, NULL, NULL, NULL, NULL);

-- Credencial 5: Luis Martínez (Votante_ID: 5)
INSERT INTO FIDE_CREDENCIALES_TB (Credencial_ID, Votante_ID, Eleccion_ID, Codigo, FechaEmision, creado_por, modificado_por, fecha_creacion, fecha_modificacion, accion)
VALUES (5, 5, 1, 'CRED321654', TO_DATE('2022-01-01', 'YYYY-MM-DD'), NULL, NULL, NULL, NULL, NULL);

-- Credencial 6: Sofía Chaves (Votante_ID: 6)
INSERT INTO FIDE_CREDENCIALES_TB (Credencial_ID, Votante_ID, Eleccion_ID, Codigo, FechaEmision, creado_por, modificado_por, fecha_creacion, fecha_modificacion, accion)
VALUES (6, 6, 1, 'CRED789123', TO_DATE('2022-01-01', 'YYYY-MM-DD'), NULL, NULL, NULL, NULL, NULL);

-- Credencial 7: Pedro Sánchez (Votante_ID: 7)
INSERT INTO FIDE_CREDENCIALES_TB (Credencial_ID, Votante_ID, Eleccion_ID, Codigo, FechaEmision, creado_por, modificado_por, fecha_creacion, fecha_modificacion, accion)
VALUES (7, 7, 1, 'CRED123789', TO_DATE('2022-01-01', 'YYYY-MM-DD'), NULL, NULL, NULL, NULL, NULL);

-- Credencial 8: Laura Fernández (Votante_ID: 8)
INSERT INTO FIDE_CREDENCIALES_TB (Credencial_ID, Votante_ID, Eleccion_ID, Codigo, FechaEmision, creado_por, modificado_por, fecha_creacion, fecha_modificacion, accion)
VALUES (8, 8, 1, 'CRED456123', TO_DATE('2022-01-01', 'YYYY-MM-DD'), NULL, NULL, NULL, NULL, NULL);

-- Credencial 9: Diego Ramírez (Votante_ID: 9)
INSERT INTO FIDE_CREDENCIALES_TB (Credencial_ID, Votante_ID, Eleccion_ID, Codigo, FechaEmision, creado_por, modificado_por, fecha_creacion, fecha_modificacion, accion)
VALUES (9, 9, 1, 'CRED789456', TO_DATE('2022-01-01', 'YYYY-MM-DD'), NULL, NULL, NULL, NULL, NULL);

-- Credencial 10: Carmen Vargas (Votante_ID: 10)
INSERT INTO FIDE_CREDENCIALES_TB (Credencial_ID, Votante_ID, Eleccion_ID, Codigo, FechaEmision, creado_por, modificado_por, fecha_creacion, fecha_modificacion, accion)
VALUES (10, 10, 1, 'CRED654987', TO_DATE('2022-01-01', 'YYYY-MM-DD'), NULL, NULL, NULL, NULL, NULL);
/


-- Reporte 1: Incidencia en la Sede Central
INSERT INTO FIDE_REPORTES_TB (Reporte_ID, Eleccion_ID, Votante_ID, FechaReporte, Descripcion, creado_por, modificado_por, fecha_creacion, fecha_modificacion, accion)
VALUES (1, 1, 1, TO_DATE('2022-02-06', 'YYYY-MM-DD'), 'Falta de boletas en la mesa 1', NULL, NULL, NULL, NULL, NULL);

-- Reporte 2: Incidencia en la Sede Alajuela Centro
INSERT INTO FIDE_REPORTES_TB (Reporte_ID, Eleccion_ID, Votante_ID, FechaReporte, Descripcion, creado_por, modificado_por, fecha_creacion, fecha_modificacion, accion)
VALUES (2, 1, 2, TO_DATE('2022-02-06', 'YYYY-MM-DD'), 'Problema con la urna electrónica', NULL, NULL, NULL, NULL, NULL);

-- Reporte 3: Incidencia en la Sede Cartago Central
INSERT INTO FIDE_REPORTES_TB (Reporte_ID, Eleccion_ID, Votante_ID, FechaReporte, Descripcion, creado_por, modificado_por, fecha_creacion, fecha_modificacion, accion)
VALUES (3, 1, 3, TO_DATE('2022-02-06', 'YYYY-MM-DD'), 'Falta de personal en la mesa 3', NULL, NULL, NULL, NULL, NULL);

-- Reporte 4: Incidencia en la Sede Heredia Centro
INSERT INTO FIDE_REPORTES_TB (Reporte_ID, Eleccion_ID, Votante_ID, FechaReporte, Descripcion, creado_por, modificado_por, fecha_creacion, fecha_modificacion, accion)
VALUES (4, 1, 4, TO_DATE('2022-02-06', 'YYYY-MM-DD'), 'Demora en el proceso de votación', NULL, NULL, NULL, NULL, NULL);

-- Reporte 5: Incidencia en la Sede Liberia Centro
INSERT INTO FIDE_REPORTES_TB (Reporte_ID, Eleccion_ID, Votante_ID, FechaReporte, Descripcion, creado_por, modificado_por, fecha_creacion, fecha_modificacion, accion)
VALUES (5, 1, 5, TO_DATE('2022-02-06', 'YYYY-MM-DD'), 'Problema con la identificación de votantes', NULL, NULL, NULL, NULL, NULL);
/


-- Boleta 1: Juan Pérez (Votante_ID: 1) vota por Carlos Alvarado (Candidato_ID: 1)
INSERT INTO FIDE_BOLETAS_TB (Boleta_ID, Eleccion_ID, Votante_ID, Candidato_ID, FechaBoleta, creado_por, modificado_por, fecha_creacion, fecha_modificacion, accion)
VALUES (1, 1, 1, 1, TO_DATE('2022-02-06', 'YYYY-MM-DD'), NULL, NULL, NULL, NULL, NULL);

-- Boleta 2: María Gómez (Votante_ID: 2) vota por Fabricio Alvarado (Candidato_ID: 2)
INSERT INTO FIDE_BOLETAS_TB (Boleta_ID, Eleccion_ID, Votante_ID, Candidato_ID, FechaBoleta, creado_por, modificado_por, fecha_creacion, fecha_modificacion, accion)
VALUES (2, 1, 2, 2, TO_DATE('2022-02-06', 'YYYY-MM-DD'), NULL, NULL, NULL, NULL, NULL);

-- Boleta 3: Carlos López (Votante_ID: 3) vota por José María Figueres (Candidato_ID: 3)
INSERT INTO FIDE_BOLETAS_TB (Boleta_ID, Eleccion_ID, Votante_ID, Candidato_ID, FechaBoleta, creado_por, modificado_por, fecha_creacion, fecha_modificacion, accion)
VALUES (3, 1, 3, 3, TO_DATE('2022-02-06', 'YYYY-MM-DD'), NULL, NULL, NULL, NULL, NULL);

-- Boleta 4: Ana Rodríguez (Votante_ID: 4) vota por Lineth Saborío (Candidato_ID: 4)
INSERT INTO FIDE_BOLETAS_TB (Boleta_ID, Eleccion_ID, Votante_ID, Candidato_ID, FechaBoleta, creado_por, modificado_por, fecha_creacion, fecha_modificacion, accion)
VALUES (4, 1, 4, 4, TO_DATE('2022-02-06', 'YYYY-MM-DD'), NULL, NULL, NULL, NULL, NULL);

-- Boleta 5: Luis Martínez (Votante_ID: 5) vota por Eliécer Feinzaig (Candidato_ID: 5)
INSERT INTO FIDE_BOLETAS_TB (Boleta_ID, Eleccion_ID, Votante_ID, Candidato_ID, FechaBoleta, creado_por, modificado_por, fecha_creacion, fecha_modificacion, accion)
VALUES (5, 1, 5, 5, TO_DATE('2022-02-06', 'YYYY-MM-DD'), NULL, NULL, NULL, NULL, NULL);

-- Boleta 6: Sofía Chaves (Votante_ID: 6) vota por Carlos Alvarado (Candidato_ID: 1)
INSERT INTO FIDE_BOLETAS_TB (Boleta_ID, Eleccion_ID, Votante_ID, Candidato_ID, FechaBoleta, creado_por, modificado_por, fecha_creacion, fecha_modificacion, accion)
VALUES (6, 1, 6, 1, TO_DATE('2022-02-06', 'YYYY-MM-DD'), NULL, NULL, NULL, NULL, NULL);

-- Boleta 7: Pedro Sánchez (Votante_ID: 7) vota por Fabricio Alvarado (Candidato_ID: 2)
INSERT INTO FIDE_BOLETAS_TB (Boleta_ID, Eleccion_ID, Votante_ID, Candidato_ID, FechaBoleta, creado_por, modificado_por, fecha_creacion, fecha_modificacion, accion)
VALUES (7, 1, 7, 2, TO_DATE('2022-02-06', 'YYYY-MM-DD'), NULL, NULL, NULL, NULL, NULL);

-- Boleta 8: Laura Fernández (Votante_ID: 8) vota por José María Figueres (Candidato_ID: 3)
INSERT INTO FIDE_BOLETAS_TB (Boleta_ID, Eleccion_ID, Votante_ID, Candidato_ID, FechaBoleta, creado_por, modificado_por, fecha_creacion, fecha_modificacion, accion)
VALUES (8, 1, 8, 3, TO_DATE('2022-02-06', 'YYYY-MM-DD'), NULL, NULL, NULL, NULL, NULL);

-- Boleta 9: Diego Ramírez (Votante_ID: 9) vota por Lineth Saborío (Candidato_ID: 4)
INSERT INTO FIDE_BOLETAS_TB (Boleta_ID, Eleccion_ID, Votante_ID, Candidato_ID, FechaBoleta, creado_por, modificado_por, fecha_creacion, fecha_modificacion, accion)
VALUES (9, 1, 9, 4, TO_DATE('2022-02-06', 'YYYY-MM-DD'), NULL, NULL, NULL, NULL, NULL);

-- Boleta 10: Carmen Vargas (Votante_ID: 10) vota por Eliécer Feinzaig (Candidato_ID: 5)
INSERT INTO FIDE_BOLETAS_TB (Boleta_ID, Eleccion_ID, Votante_ID, Candidato_ID, FechaBoleta, creado_por, modificado_por, fecha_creacion, fecha_modificacion, accion)
VALUES (10, 1, 10, 5, TO_DATE('2022-02-06', 'YYYY-MM-DD'), NULL, NULL, NULL, NULL, NULL);
/


-- Clave 1: Juan Pérez (Votante_ID: 1)
INSERT INTO FIDE_CLAVES_SEGURIDAD_TB (Clave_ID, Votante_ID, Clave, FechaCreacion, creado_por, modificado_por, fecha_creacion, fecha_modificacion, accion)
VALUES (1, 1, 'CLAVE1234', TO_DATE('2022-01-01', 'YYYY-MM-DD'), NULL, NULL, NULL, NULL, NULL);

-- Clave 2: María Gómez (Votante_ID: 2)
INSERT INTO FIDE_CLAVES_SEGURIDAD_TB (Clave_ID, Votante_ID, Clave, FechaCreacion, creado_por, modificado_por, fecha_creacion, fecha_modificacion, accion)
VALUES (2, 2, 'CLAVE5678', TO_DATE('2022-01-01', 'YYYY-MM-DD'), NULL, NULL, NULL, NULL, NULL);

-- Clave 3: Carlos López (Votante_ID: 3)
INSERT INTO FIDE_CLAVES_SEGURIDAD_TB (Clave_ID, Votante_ID, Clave, FechaCreacion, creado_por, modificado_por, fecha_creacion, fecha_modificacion, accion)
VALUES (3, 3, 'CLAVE9101', TO_DATE('2022-01-01', 'YYYY-MM-DD'), NULL, NULL, NULL, NULL, NULL);

-- Clave 4: Ana Rodríguez (Votante_ID: 4)
INSERT INTO FIDE_CLAVES_SEGURIDAD_TB (Clave_ID, Votante_ID, Clave, FechaCreacion, creado_por, modificado_por, fecha_creacion, fecha_modificacion, accion)
VALUES (4, 4, 'CLAVE1121', TO_DATE('2022-01-01', 'YYYY-MM-DD'), NULL, NULL, NULL, NULL, NULL);

-- Clave 5: Luis Martínez (Votante_ID: 5)
INSERT INTO FIDE_CLAVES_SEGURIDAD_TB (Clave_ID, Votante_ID, Clave, FechaCreacion, creado_por, modificado_por, fecha_creacion, fecha_modificacion, accion)
VALUES (5, 5, 'CLAVE3141', TO_DATE('2022-01-01', 'YYYY-MM-DD'), NULL, NULL, NULL, NULL, NULL);

-- Clave 6: Sofía Chaves (Votante_ID: 6)
INSERT INTO FIDE_CLAVES_SEGURIDAD_TB (Clave_ID, Votante_ID, Clave, FechaCreacion, creado_por, modificado_por, fecha_creacion, fecha_modificacion, accion)
VALUES (6, 6, 'CLAVE5161', TO_DATE('2022-01-01', 'YYYY-MM-DD'), NULL, NULL, NULL, NULL, NULL);

-- Clave 7: Pedro Sánchez (Votante_ID: 7)
INSERT INTO FIDE_CLAVES_SEGURIDAD_TB (Clave_ID, Votante_ID, Clave, FechaCreacion, creado_por, modificado_por, fecha_creacion, fecha_modificacion, accion)
VALUES (7, 7, 'CLAVE7181', TO_DATE('2022-01-01', 'YYYY-MM-DD'), NULL, NULL, NULL, NULL, NULL);

-- Clave 8: Laura Fernández (Votante_ID: 8)
INSERT INTO FIDE_CLAVES_SEGURIDAD_TB (Clave_ID, Votante_ID, Clave, FechaCreacion, creado_por, modificado_por, fecha_creacion, fecha_modificacion, accion)
VALUES (8, 8, 'CLAVE9202', TO_DATE('2022-01-01', 'YYYY-MM-DD'), NULL, NULL, NULL, NULL, NULL);

-- Clave 9: Diego Ramírez (Votante_ID: 9)
INSERT INTO FIDE_CLAVES_SEGURIDAD_TB (Clave_ID, Votante_ID, Clave, FechaCreacion, creado_por, modificado_por, fecha_creacion, fecha_modificacion, accion)
VALUES (9, 9, 'CLAVE1222', TO_DATE('2022-01-01', 'YYYY-MM-DD'), NULL, NULL, NULL, NULL, NULL);

-- Clave 10: Carmen Vargas (Votante_ID: 10)
INSERT INTO FIDE_CLAVES_SEGURIDAD_TB (Clave_ID, Votante_ID, Clave, FechaCreacion, creado_por, modificado_por, fecha_creacion, fecha_modificacion, accion)
VALUES (10, 10, 'CLAVE3242', TO_DATE('2022-01-01', 'YYYY-MM-DD'), NULL, NULL, NULL, NULL, NULL);
/


-- Log 1: Inicio de sesión de Juan Pérez (Votante_ID: 1)
INSERT INTO FIDE_LOGSEGURIDAD_TB (Log_ID, Votante_ID, Fecha, Accion_log, creado_por, modificado_por, fecha_creacion, fecha_modificacion, accion)
VALUES (1, 1, TO_DATE('2022-02-06 08:00:00', 'YYYY-MM-DD HH24:MI:SS'), 'Inicio de sesión exitoso', NULL, NULL, NULL, NULL, NULL);

-- Log 2: Cambio de clave de María Gómez (Votante_ID: 2)
INSERT INTO FIDE_LOGSEGURIDAD_TB (Log_ID, Votante_ID, Fecha, Accion_log, creado_por, modificado_por, fecha_creacion, fecha_modificacion, accion)
VALUES (2, 2, TO_DATE('2022-02-06 09:15:00', 'YYYY-MM-DD HH24:MI:SS'), 'Cambio de clave exitoso', NULL, NULL, NULL, NULL, NULL);

-- Log 3: Voto emitido por Carlos López (Votante_ID: 3)
INSERT INTO FIDE_LOGSEGURIDAD_TB (Log_ID, Votante_ID, Fecha, Accion_log, creado_por, modificado_por, fecha_creacion, fecha_modificacion, accion)
VALUES (3, 3, TO_DATE('2022-02-06 10:30:00', 'YYYY-MM-DD HH24:MI:SS'), 'Voto emitido correctamente', NULL, NULL, NULL, NULL, NULL);

-- Log 4: Inicio de sesión de Ana Rodríguez (Votante_ID: 4)
INSERT INTO FIDE_LOGSEGURIDAD_TB (Log_ID, Votante_ID, Fecha, Accion_log, creado_por, modificado_por, fecha_creacion, fecha_modificacion, accion)
VALUES (4, 4, TO_DATE('2022-02-06 11:45:00', 'YYYY-MM-DD HH24:MI:SS'), 'Inicio de sesión exitoso', NULL, NULL, NULL, NULL, NULL);

-- Log 5: Voto emitido por Luis Martínez (Votante_ID: 5)
INSERT INTO FIDE_LOGSEGURIDAD_TB (Log_ID, Votante_ID, Fecha, Accion_log, creado_por, modificado_por, fecha_creacion, fecha_modificacion, accion)
VALUES (5, 5, TO_DATE('2022-02-06 12:00:00', 'YYYY-MM-DD HH24:MI:SS'), 'Voto emitido correctamente', NULL, NULL, NULL, NULL, NULL);

-- Log 6: Inicio de sesión de Sofía Chaves (Votante_ID: 6)
INSERT INTO FIDE_LOGSEGURIDAD_TB (Log_ID, Votante_ID, Fecha, Accion_log, creado_por, modificado_por, fecha_creacion, fecha_modificacion, accion)
VALUES (6, 6, TO_DATE('2022-02-06 13:15:00', 'YYYY-MM-DD HH24:MI:SS'), 'Inicio de sesión exitoso', NULL, NULL, NULL, NULL, NULL);

-- Log 7: Cambio de clave de Pedro Sánchez (Votante_ID: 7)
INSERT INTO FIDE_LOGSEGURIDAD_TB (Log_ID, Votante_ID, Fecha, Accion_log, creado_por, modificado_por, fecha_creacion, fecha_modificacion, accion)
VALUES (7, 7, TO_DATE('2022-02-06 14:30:00', 'YYYY-MM-DD HH24:MI:SS'), 'Cambio de clave exitoso', NULL, NULL, NULL, NULL, NULL);

-- Log 8: Voto emitido por Laura Fernández (Votante_ID: 8)
INSERT INTO FIDE_LOGSEGURIDAD_TB (Log_ID, Votante_ID, Fecha, Accion_log, creado_por, modificado_por, fecha_creacion, fecha_modificacion, accion)
VALUES (8, 8, TO_DATE('2022-02-06 15:45:00', 'YYYY-MM-DD HH24:MI:SS'), 'Voto emitido correctamente', NULL, NULL, NULL, NULL, NULL);

-- Log 9: Inicio de sesión de Diego Ramírez (Votante_ID: 9)
INSERT INTO FIDE_LOGSEGURIDAD_TB (Log_ID, Votante_ID, Fecha, Accion_log, creado_por, modificado_por, fecha_creacion, fecha_modificacion, accion)
VALUES (9, 9, TO_DATE('2022-02-06 16:00:00', 'YYYY-MM-DD HH24:MI:SS'), 'Inicio de sesión exitoso', NULL, NULL, NULL, NULL, NULL);

-- Log 10: Voto emitido por Carmen Vargas (Votante_ID: 10)
INSERT INTO FIDE_LOGSEGURIDAD_TB (Log_ID, Votante_ID, Fecha, Accion_log, creado_por, modificado_por, fecha_creacion, fecha_modificacion, accion)
VALUES (10, 10, TO_DATE('2022-02-06 17:15:00', 'YYYY-MM-DD HH24:MI:SS'), 'Voto emitido correctamente', NULL, NULL, NULL, NULL, NULL);
/


-- Notificación 1: Juan Pérez (Votante_ID: 1)
INSERT INTO FIDE_NOTIFICACIONES_TB (Notificacion_ID, Votante_ID, Mensaje, FechaNotificacion, creado_por, modificado_por, fecha_creacion, fecha_modificacion, accion)
VALUES (1, 1, 'Su credencial ha sido generada exitosamente.', TO_DATE('2022-01-01', 'YYYY-MM-DD'), NULL, NULL, NULL, NULL, NULL);

-- Notificación 2: María Gómez (Votante_ID: 2)
INSERT INTO FIDE_NOTIFICACIONES_TB (Notificacion_ID, Votante_ID, Mensaje, FechaNotificacion, creado_por, modificado_por, fecha_creacion, fecha_modificacion, accion)
VALUES (2, 2, 'Su voto ha sido registrado correctamente.', TO_DATE('2022-02-06', 'YYYY-MM-DD'), NULL, NULL, NULL, NULL, NULL);

-- Notificación 3: Carlos López (Votante_ID: 3)
INSERT INTO FIDE_NOTIFICACIONES_TB (Notificacion_ID, Votante_ID, Mensaje, FechaNotificacion, creado_por, modificado_por, fecha_creacion, fecha_modificacion, accion)
VALUES (3, 3, 'Su clave de seguridad ha sido actualizada.', TO_DATE('2022-01-15', 'YYYY-MM-DD'), NULL, NULL, NULL, NULL, NULL);

-- Notificación 4: Ana Rodríguez (Votante_ID: 4)
INSERT INTO FIDE_NOTIFICACIONES_TB (Notificacion_ID, Votante_ID, Mensaje, FechaNotificacion, creado_por, modificado_por, fecha_creacion, fecha_modificacion, accion)
VALUES (4, 4, 'Su boleta ha sido procesada correctamente.', TO_DATE('2022-02-06', 'YYYY-MM-DD'), NULL, NULL, NULL, NULL, NULL);

-- Notificación 5: Luis Martínez (Votante_ID: 5)
INSERT INTO FIDE_NOTIFICACIONES_TB (Notificacion_ID, Votante_ID, Mensaje, FechaNotificacion, creado_por, modificado_por, fecha_creacion, fecha_modificacion, accion)
VALUES (5, 5, 'Su reporte ha sido recibido y está en revisión.', TO_DATE('2022-02-06', 'YYYY-MM-DD'), NULL, NULL, NULL, NULL, NULL);

-- Notificación 6: Sofía Chaves (Votante_ID: 6)
INSERT INTO FIDE_NOTIFICACIONES_TB (Notificacion_ID, Votante_ID, Mensaje, FechaNotificacion, creado_por, modificado_por, fecha_creacion, fecha_modificacion, accion)
VALUES (6, 6, 'Su credencial ha sido generada exitosamente.', TO_DATE('2022-01-01', 'YYYY-MM-DD'), NULL, NULL, NULL, NULL, NULL);

-- Notificación 7: Pedro Sánchez (Votante_ID: 7)
INSERT INTO FIDE_NOTIFICACIONES_TB (Notificacion_ID, Votante_ID, Mensaje, FechaNotificacion, creado_por, modificado_por, fecha_creacion, fecha_modificacion, accion)
VALUES (7, 7, 'Su voto ha sido registrado correctamente.', TO_DATE('2022-02-06', 'YYYY-MM-DD'), NULL, NULL, NULL, NULL, NULL);

-- Notificación 8: Laura Fernández (Votante_ID: 8)
INSERT INTO FIDE_NOTIFICACIONES_TB (Notificacion_ID, Votante_ID, Mensaje, FechaNotificacion, creado_por, modificado_por, fecha_creacion, fecha_modificacion, accion)
VALUES (8, 8, 'Su clave de seguridad ha sido actualizada.', TO_DATE('2022-01-15', 'YYYY-MM-DD'), NULL, NULL, NULL, NULL, NULL);

-- Notificación 9: Diego Ramírez (Votante_ID: 9)
INSERT INTO FIDE_NOTIFICACIONES_TB (Notificacion_ID, Votante_ID, Mensaje, FechaNotificacion, creado_por, modificado_por, fecha_creacion, fecha_modificacion, accion)
VALUES (9, 9, 'Su boleta ha sido procesada correctamente.', TO_DATE('2022-02-06', 'YYYY-MM-DD'), NULL, NULL, NULL, NULL, NULL);

-- Notificación 10: Carmen Vargas (Votante_ID: 10)
INSERT INTO FIDE_NOTIFICACIONES_TB (Notificacion_ID, Votante_ID, Mensaje, FechaNotificacion, creado_por, modificado_por, fecha_creacion, fecha_modificacion, accion)
VALUES (10, 10, 'Su reporte ha sido recibido y está en revisión.', TO_DATE('2022-02-06', 'YYYY-MM-DD'), NULL, NULL, NULL, NULL, NULL);
/


-- Sesión 1: Usuario Administrador (Usuario_ID: 1)
INSERT INTO FIDE_SESIONES_TB (Sesion_ID, Usuario_ID, FechaInicio, FechaFin, creado_por, modificado_por, fecha_creacion, fecha_modificacion, accion)
VALUES (1, 1, TO_DATE('2022-02-06 08:00:00', 'YYYY-MM-DD HH24:MI:SS'), TO_DATE('2022-02-06 10:00:00', 'YYYY-MM-DD HH24:MI:SS'), NULL, NULL, NULL, NULL, NULL);

-- Sesión 2: Usuario Auditor (Usuario_ID: 2)
INSERT INTO FIDE_SESIONES_TB (Sesion_ID, Usuario_ID, FechaInicio, FechaFin, creado_por, modificado_por, fecha_creacion, fecha_modificacion, accion)
VALUES (2, 2, TO_DATE('2022-02-06 09:00:00', 'YYYY-MM-DD HH24:MI:SS'), TO_DATE('2022-02-06 11:00:00', 'YYYY-MM-DD HH24:MI:SS'), NULL, NULL, NULL, NULL, NULL);

-- Sesión 3: Usuario Votante 1 (Usuario_ID: 3)
INSERT INTO FIDE_SESIONES_TB (Sesion_ID, Usuario_ID, FechaInicio, FechaFin, creado_por, modificado_por, fecha_creacion, fecha_modificacion, accion)
VALUES (3, 3, TO_DATE('2022-02-06 10:00:00', 'YYYY-MM-DD HH24:MI:SS'), TO_DATE('2022-02-06 12:00:00', 'YYYY-MM-DD HH24:MI:SS'), NULL, NULL, NULL, NULL, NULL);

-- Sesión 4: Usuario Votante 2 (Usuario_ID: 4)
INSERT INTO FIDE_SESIONES_TB (Sesion_ID, Usuario_ID, FechaInicio, FechaFin, creado_por, modificado_por, fecha_creacion, fecha_modificacion, accion)
VALUES (4, 4, TO_DATE('2022-02-06 11:00:00', 'YYYY-MM-DD HH24:MI:SS'), TO_DATE('2022-02-06 13:00:00', 'YYYY-MM-DD HH24:MI:SS'), NULL, NULL, NULL, NULL, NULL);

-- Sesión 5: Usuario Votante 3 (Usuario_ID: 5)
INSERT INTO FIDE_SESIONES_TB (Sesion_ID, Usuario_ID, FechaInicio, FechaFin, creado_por, modificado_por, fecha_creacion, fecha_modificacion, accion)
VALUES (5, 5, TO_DATE('2022-02-06 12:00:00', 'YYYY-MM-DD HH24:MI:SS'), TO_DATE('2022-02-06 14:00:00', 'YYYY-MM-DD HH24:MI:SS'), NULL, NULL, NULL, NULL, NULL);
/


-- Historial 1: Modificación de voto emitido por Juan Pérez (Votante_ID: 1)
INSERT INTO FIDE_HISTORIALVOTOS_TB (Historial_ID, FechaModificacion, Accion_historial, creado_por, modificado_por, fecha_creacion, fecha_modificacion, accion)
VALUES (1, TO_DATE('2022-02-06 10:00:00', 'YYYY-MM-DD HH24:MI:SS'), 'Modificación de voto', NULL, NULL, NULL, NULL, NULL);

-- Historial 2: Modificación de voto emitido por María Gómez (Votante_ID: 2)
INSERT INTO FIDE_HISTORIALVOTOS_TB (Historial_ID, FechaModificacion, Accion_historial, creado_por, modificado_por, fecha_creacion, fecha_modificacion, accion)
VALUES (2, TO_DATE('2022-02-06 11:00:00', 'YYYY-MM-DD HH24:MI:SS'), 'Modificación de voto', NULL, NULL, NULL, NULL, NULL);

-- Historial 3: Modificación de voto emitido por Carlos López (Votante_ID: 3)
INSERT INTO FIDE_HISTORIALVOTOS_TB (Historial_ID, FechaModificacion, Accion_historial, creado_por, modificado_por, fecha_creacion, fecha_modificacion, accion)
VALUES (3, TO_DATE('2022-02-06 12:00:00', 'YYYY-MM-DD HH24:MI:SS'), 'Modificación de voto', NULL, NULL, NULL, NULL, NULL);

-- Historial 4: Modificación de voto emitido por Ana Rodríguez (Votante_ID: 4)
INSERT INTO FIDE_HISTORIALVOTOS_TB (Historial_ID, FechaModificacion, Accion_historial, creado_por, modificado_por, fecha_creacion, fecha_modificacion, accion)
VALUES (4, TO_DATE('2022-02-06 13:00:00', 'YYYY-MM-DD HH24:MI:SS'), 'Modificación de voto', NULL, NULL, NULL, NULL, NULL);

-- Historial 5: Modificación de voto emitido por Luis Martínez (Votante_ID: 5)
INSERT INTO FIDE_HISTORIALVOTOS_TB (Historial_ID, FechaModificacion, Accion_historial, creado_por, modificado_por, fecha_creacion, fecha_modificacion, accion)
VALUES (5, TO_DATE('2022-02-06 14:00:00', 'YYYY-MM-DD HH24:MI:SS'), 'Modificación de voto', NULL, NULL, NULL, NULL, NULL);
/


-- Relación 1: Voto de Juan Pérez (Voto_ID: 1) con su historial (Historial_ID: 1)
INSERT INTO FIDE_VOTOS_HISTORIAL_TB (Votos_Historial_ID, Voto_ID, Historial_ID, creado_por, modificado_por, fecha_creacion, fecha_modificacion, accion)
VALUES (1, 1, 1, NULL, NULL, NULL, NULL, NULL);

-- Relación 2: Voto de María Gómez (Voto_ID: 2) con su historial (Historial_ID: 2)
INSERT INTO FIDE_VOTOS_HISTORIAL_TB (Votos_Historial_ID, Voto_ID, Historial_ID, creado_por, modificado_por, fecha_creacion, fecha_modificacion, accion)
VALUES (2, 2, 2, NULL, NULL, NULL, NULL, NULL);

-- Relación 3: Voto de Carlos López (Voto_ID: 3) con su historial (Historial_ID: 3)
INSERT INTO FIDE_VOTOS_HISTORIAL_TB (Votos_Historial_ID, Voto_ID, Historial_ID, creado_por, modificado_por, fecha_creacion, fecha_modificacion, accion)
VALUES (3, 3, 3, NULL, NULL, NULL, NULL, NULL);

-- Relación 4: Voto de Ana Rodríguez (Voto_ID: 4) con su historial (Historial_ID: 4)
INSERT INTO FIDE_VOTOS_HISTORIAL_TB (Votos_Historial_ID, Voto_ID, Historial_ID, creado_por, modificado_por, fecha_creacion, fecha_modificacion, accion)
VALUES (4, 4, 4, NULL, NULL, NULL, NULL, NULL);

-- Relación 5: Voto de Luis Martínez (Voto_ID: 5) con su historial (Historial_ID: 5)
INSERT INTO FIDE_VOTOS_HISTORIAL_TB (Votos_Historial_ID, Voto_ID, Historial_ID, creado_por, modificado_por, fecha_creacion, fecha_modificacion, accion)
VALUES (5, 5, 5, NULL, NULL, NULL, NULL, NULL);
/


-- Resultado 1: Carlos Alvarado (Candidato_ID: 1)
INSERT INTO FIDE_RESULTADOS_TB (Resultado_ID, Eleccion_ID, Candidato_ID, Estado_ID, Votos_Obtenidos, creado_por, modificado_por, fecha_creacion, fecha_modificacion, accion)
VALUES (1, 1, 1, 1, 1500, NULL, NULL, NULL, NULL, NULL);

-- Resultado 2: Fabricio Alvarado (Candidato_ID: 2)
INSERT INTO FIDE_RESULTADOS_TB (Resultado_ID, Eleccion_ID, Candidato_ID, Estado_ID, Votos_Obtenidos, creado_por, modificado_por, fecha_creacion, fecha_modificacion, accion)
VALUES (2, 1, 2, 1, 1200, NULL, NULL, NULL, NULL, NULL);

-- Resultado 3: José María Figueres (Candidato_ID: 3)
INSERT INTO FIDE_RESULTADOS_TB (Resultado_ID, Eleccion_ID, Candidato_ID, Estado_ID, Votos_Obtenidos, creado_por, modificado_por, fecha_creacion, fecha_modificacion, accion)
VALUES (3, 1, 3, 1, 1000, NULL, NULL, NULL, NULL, NULL);

-- Resultado 4: Lineth Saborío (Candidato_ID: 4)
INSERT INTO FIDE_RESULTADOS_TB (Resultado_ID, Eleccion_ID, Candidato_ID, Estado_ID, Votos_Obtenidos, creado_por, modificado_por, fecha_creacion, fecha_modificacion, accion)
VALUES (4, 1, 4, 1, 800, NULL, NULL, NULL, NULL, NULL);

-- Resultado 5: Eliécer Feinzaig (Candidato_ID: 5)
INSERT INTO FIDE_RESULTADOS_TB (Resultado_ID, Eleccion_ID, Candidato_ID, Estado_ID, Votos_Obtenidos, creado_por, modificado_por, fecha_creacion, fecha_modificacion, accion)
VALUES (5, 1, 5, 1, 600, NULL, NULL, NULL, NULL, NULL);
/